Position,Name + ID,Name,ID,Roster Position,Salary,Game Info,TeamAbbrev,AvgPointsPerGame
PG/SG,James Harden (12413031),James Harden,12413031,PG/SG/G/UTIL,11500,HOU@OKC 04/09/2019 09:30PM ET,HOU,62.09
PG,Russell Westbrook (12413035),Russell Westbrook,12413035,PG/G/UTIL,11400,HOU@OKC 04/09/2019 09:30PM ET,OKC,58.72
C,Joel Embiid (12413038),Joel Embiid,12413038,C/UTIL,10500,PHI@MIA 04/09/2019 07:30PM ET,PHI,55.57
SF/PF,Paul George (12413040),Paul George,12413040,SF/PF/F/UTIL,9900,HOU@OKC 04/09/2019 09:30PM ET,OKC,50.79
C,Karl-Anthony Towns (12413044),Karl-Anthony Towns,12413044,C/UTIL,9700,TOR@MIN 04/09/2019 08:00PM ET,MIN,50.35
C,Andre Drummond (12413046),Andre Drummond,12413046,C/UTIL,9600,MEM@DET 04/09/2019 07:00PM ET,DET,45.92
PG/SG,Luka Doncic (12413048),Luka Doncic,12413048,PG/SG/G/UTIL,9500,PHO@DAL 04/09/2019 08:30PM ET,DAL,42.69
C,Nikola Jokic (12413052),Nikola Jokic,12413052,C/UTIL,9400,DEN@UTA 04/09/2019 09:00PM ET,DEN,49.34
PG,Damian Lillard (12413054),Damian Lillard,12413054,PG/G/UTIL,9300,POR@LAL 04/09/2019 10:30PM ET,POR,45.42
PG,Kemba Walker (12413057),Kemba Walker,12413057,PG/G/UTIL,9100,CHA@CLE 04/09/2019 07:00PM ET,CHA,43.68
PG/SG,Stephen Curry (12413060),Stephen Curry,12413060,PG/SG/G/UTIL,9000,GS@NO 04/09/2019 08:00PM ET,GS,47
C,Rudy Gobert (12413064),Rudy Gobert,12413064,C/UTIL,8900,DEN@UTA 04/09/2019 09:00PM ET,UTA,41.57
PG/SG,Donovan Mitchell (12413066),Donovan Mitchell,12413066,PG/SG/G/UTIL,8800,DEN@UTA 04/09/2019 09:00PM ET,UTA,38.19
PG/SF,Ben Simmons (12413070),Ben Simmons,12413070,PG/SF/F/G/UTIL,8700,PHI@MIA 04/09/2019 07:30PM ET,PHI,43.6
SF/PF,Kevin Durant (12413075),Kevin Durant,12413075,SF/PF/F/UTIL,8600,GS@NO 04/09/2019 08:00PM ET,GS,46.39
PF/C,Julius Randle (12413079),Julius Randle,12413079,PF/C/F/UTIL,8500,GS@NO 04/09/2019 08:00PM ET,NO,39.37
PG,Kyrie Irving (12413083),Kyrie Irving,12413083,PG/G/UTIL,8400,BOS@WAS 04/09/2019 07:00PM ET,BOS,45.08
SG,Bradley Beal (12413086),Bradley Beal,12413086,SG/G/UTIL,8400,BOS@WAS 04/09/2019 07:00PM ET,WAS,44.8
SF/PF,Kawhi Leonard (12413089),Kawhi Leonard,12413089,SF/PF/F/UTIL,8300,TOR@MIN 04/09/2019 08:00PM ET,TOR,45.51
PF/C,Blake Griffin (12413093),Blake Griffin,12413093,PF/C/F/UTIL,8300,MEM@DET 04/09/2019 07:00PM ET,DET,44.62
PG,Mike Conley (12413101),Mike Conley,12413101,PG/G/UTIL,8100,MEM@DET 04/09/2019 07:00PM ET,MEM,38.71
PG/SG,Devin Booker (12413097),Devin Booker,12413097,PG/SG/G/UTIL,8100,PHO@DAL 04/09/2019 08:30PM ET,PHO,43.32
PG/SG,Zach LaVine (12413104),Zach LaVine,12413104,PG/SG/G/UTIL,8000,NY@CHI 04/09/2019 08:00PM ET,CHI,38.28
PF/C,Thomas Bryant (12413108),Thomas Bryant,12413108,PF/C/F/UTIL,7700,BOS@WAS 04/09/2019 07:00PM ET,WAS,22.96
C,Clint Capela (12413112),Clint Capela,12413112,C/UTIL,7500,HOU@OKC 04/09/2019 09:30PM ET,HOU,39.24
C,Mitchell Robinson (12413114),Mitchell Robinson,12413114,C/UTIL,7400,NY@CHI 04/09/2019 08:00PM ET,NY,22.56
PF/C,Pascal Siakam (12413116),Pascal Siakam,12413116,PF/C/F/UTIL,7300,TOR@MIN 04/09/2019 08:00PM ET,TOR,33.32
PF/C,Kevin Love (12413128),Kevin Love,12413128,PF/C/F/UTIL,7200,CHA@CLE 04/09/2019 07:00PM ET,CLE,35.92
SG/SF,Jimmy Butler (12413120),Jimmy Butler,12413120,SG/SF/F/G/UTIL,7200,PHI@MIA 04/09/2019 07:30PM ET,PHI,36.65
PG,Chris Paul (12413125),Chris Paul,12413125,PG/G/UTIL,7200,HOU@OKC 04/09/2019 09:30PM ET,HOU,38.26
C,Deandre Ayton (12413132),Deandre Ayton,12413132,C/UTIL,7200,PHO@DAL 04/09/2019 08:30PM ET,PHO,35.34
PG,Emmanuel Mudiay (12413143),Emmanuel Mudiay,12413143,PG/G/UTIL,7100,NY@CHI 04/09/2019 08:00PM ET,NY,26.27
C,Enes Kanter (12413138),Enes Kanter,12413138,C/UTIL,7100,POR@LAL 04/09/2019 10:30PM ET,POR,29.93
PG,Rajon Rondo (12413140),Rajon Rondo,12413140,PG/G/UTIL,7100,POR@LAL 04/09/2019 10:30PM ET,LAL,30.27
PG/SG,Delon Wright (12413134),Delon Wright,12413134,PG/SG/G/UTIL,7100,MEM@DET 04/09/2019 07:00PM ET,MEM,20.7
C,JaVale McGee (12413150),JaVale McGee,12413150,C/UTIL,7000,POR@LAL 04/09/2019 10:30PM ET,LAL,27.32
PF/C,Bobby Portis (12413152),Bobby Portis,12413152,PF/C/F/UTIL,7000,BOS@WAS 04/09/2019 07:00PM ET,WAS,29.08
SG/SF,Joe Ingles (12413156),Joe Ingles,12413156,SG/SF/F/G/UTIL,7000,DEN@UTA 04/09/2019 09:00PM ET,UTA,28.75
SF/PF,Tobias Harris (12413146),Tobias Harris,12413146,SF/PF/F/UTIL,7000,PHI@MIA 04/09/2019 07:30PM ET,PHI,36.72
PF/C,Al Horford (12413164),Al Horford,12413164,PF/C/F/UTIL,6900,BOS@WAS 04/09/2019 07:00PM ET,BOS,32.58
PG,Elfrid Payton (12413161),Elfrid Payton,12413161,PG/G/UTIL,6900,GS@NO 04/09/2019 08:00PM ET,NO,31.57
C,DeMarcus Cousins (12413168),DeMarcus Cousins,12413168,C/UTIL,6900,GS@NO 04/09/2019 08:00PM ET,GS,36.82
SG/SF,Andrew Wiggins (12413170),Andrew Wiggins,12413170,SG/SF/F/G/UTIL,6800,TOR@MIN 04/09/2019 08:00PM ET,MIN,31.03
PG,Kyle Lowry (12413175),Kyle Lowry,12413175,PG/G/UTIL,6800,TOR@MIN 04/09/2019 08:00PM ET,TOR,37.38
SF/PF,Otto Porter Jr. (12413192),Otto Porter Jr.,12413192,SF/PF/F/UTIL,6700,NY@CHI 04/09/2019 08:00PM ET,CHI,28.7
PG/SG,Dwyane Wade (12413186),Dwyane Wade,12413186,PG/SG/G/UTIL,6700,PHI@MIA 04/09/2019 07:30PM ET,MIA,27.9
C,Steven Adams (12413190),Steven Adams,12413190,C/UTIL,6700,HOU@OKC 04/09/2019 09:30PM ET,OKC,32.97
PF/C,Christian Wood (12413182),Christian Wood,12413182,PF/C/F/UTIL,6700,GS@NO 04/09/2019 08:00PM ET,NO,14.67
SF/PF,Josh Jackson (12413178),Josh Jackson,12413178,SF/PF/F/UTIL,6700,PHO@DAL 04/09/2019 08:30PM ET,PHO,23.07
PF/C,Larry Nance Jr. (12413196),Larry Nance Jr.,12413196,PF/C/F/UTIL,6600,CHA@CLE 04/09/2019 07:00PM ET,CLE,28.35
PG/SG,CJ McCollum (12413204),CJ McCollum,12413204,PG/SG/G/UTIL,6600,POR@LAL 04/09/2019 10:30PM ET,POR,33.53
PF/C,Serge Ibaka (12413200),Serge Ibaka,12413200,PF/C/F/UTIL,6600,TOR@MIN 04/09/2019 08:00PM ET,TOR,30.76
SF/PF,Jabari Parker (12413211),Jabari Parker,12413211,SF/PF/F/UTIL,6500,BOS@WAS 04/09/2019 07:00PM ET,WAS,28.18
PG,Goran Dragic (12413208),Goran Dragic,12413208,PG/G/UTIL,6500,PHI@MIA 04/09/2019 07:30PM ET,MIA,27.38
PF/C,Anthony Davis (12413215),Anthony Davis,12413215,PF/C/F/UTIL,6500,GS@NO 04/09/2019 08:00PM ET,NO,55.15
PG/SG,Walt Lemon Jr. (12413219),Walt Lemon Jr.,12413219,PG/SG/G/UTIL,6400,NY@CHI 04/09/2019 08:00PM ET,CHI,33.69
PG/SF,Shaquille Harrison (12413223),Shaquille Harrison,12413223,PG/SF/F/G/UTIL,6400,NY@CHI 04/09/2019 08:00PM ET,CHI,15.92
PG/SG,Kris Dunn (12413228),Kris Dunn,12413228,PG/SG/G/UTIL,6400,NY@CHI 04/09/2019 08:00PM ET,CHI,28.57
SG/SF,Josh Richardson (12413235),Josh Richardson,12413235,SG/SF/F/G/UTIL,6400,PHI@MIA 04/09/2019 07:30PM ET,MIA,30.65
SG,Klay Thompson (12413232),Klay Thompson,12413232,SG/G/UTIL,6400,GS@NO 04/09/2019 08:00PM ET,GS,34.12
PG,Collin Sexton (12413249),Collin Sexton,12413249,PG/G/UTIL,6300,CHA@CLE 04/09/2019 07:00PM ET,CLE,25.51
PG,Ricky Rubio (12413252),Ricky Rubio,12413252,PG/G/UTIL,6300,DEN@UTA 04/09/2019 09:00PM ET,UTA,28.73
SG/SF,JJ Redick (12413240),JJ Redick,12413240,SG/SF/F/G/UTIL,6300,PHI@MIA 04/09/2019 07:30PM ET,PHI,27.4
PF/C,Draymond Green (12413245),Draymond Green,12413245,PF/C/F/UTIL,6300,GS@NO 04/09/2019 08:00PM ET,GS,31.39
PG/SG,Alex Caruso (12413255),Alex Caruso,12413255,PG/SG/G/UTIL,6200,POR@LAL 04/09/2019 10:30PM ET,LAL,18.65
SF/PF,Jayson Tatum (12413259),Jayson Tatum,12413259,SF/PF/F/UTIL,6200,BOS@WAS 04/09/2019 07:00PM ET,BOS,30.16
SG/SF,Dion Waiters (12413263),Dion Waiters,12413263,SG/SF/F/G/UTIL,6200,PHI@MIA 04/09/2019 07:30PM ET,MIA,22.21
PF/C,Richaun Holmes (12413268),Richaun Holmes,12413268,PF/C/F/UTIL,6200,PHO@DAL 04/09/2019 08:30PM ET,PHO,18.56
SF/PF,Jakarr Sampson (12413272),Jakarr Sampson,12413272,SF/PF/F/UTIL,6100,NY@CHI 04/09/2019 08:00PM ET,CHI,38.67
PG/SG,Jamal Murray (12413276),Jamal Murray,12413276,PG/SG/G/UTIL,6100,DEN@UTA 04/09/2019 09:00PM ET,DEN,33.24
PF/C,Derrick Favors (12413282),Derrick Favors,12413282,PF/C/F/UTIL,6100,DEN@UTA 04/09/2019 09:00PM ET,UTA,26.89
C,Dwight Powell (12413280),Dwight Powell,12413280,C/UTIL,6100,PHO@DAL 04/09/2019 08:30PM ET,DAL,21.61
C,Marc Gasol (12413286),Marc Gasol,12413286,C/UTIL,6000,TOR@MIN 04/09/2019 08:00PM ET,TOR,34.64
PG/SG,Jordan Clarkson (12413297),Jordan Clarkson,12413297,PG/SG/G/UTIL,5900,CHA@CLE 04/09/2019 07:00PM ET,CLE,26.48
SG/SF,Kentavious Caldwell-Pope (12413292),Kentavious Caldwell-Pope,12413292,SG/SF/F/G/UTIL,5900,POR@LAL 04/09/2019 10:30PM ET,LAL,19.28
PF/C,Bam Adebayo (12413288),Bam Adebayo,12413288,PF/C/F/UTIL,5900,PHI@MIA 04/09/2019 07:30PM ET,MIA,24.03
SF/PF,Gordon Hayward (12413301),Gordon Hayward,12413301,SF/PF/F/UTIL,5800,BOS@WAS 04/09/2019 07:00PM ET,BOS,24.34
SF/PF,Mario Hezonja (12413305),Mario Hezonja,12413305,SF/PF/F/UTIL,5700,NY@CHI 04/09/2019 08:00PM ET,NY,18.25
SG/SF,Jeremy Lamb (12413309),Jeremy Lamb,12413309,SG/SF/F/G/UTIL,5700,CHA@CLE 04/09/2019 07:00PM ET,CHA,28.53
SF/PF,Kyle Kuzma (12413326),Kyle Kuzma,12413326,SF/PF/F/UTIL,5700,POR@LAL 04/09/2019 10:30PM ET,LAL,31.29
PG,Tyus Jones (12413323),Tyus Jones,12413323,PG/G/UTIL,5700,TOR@MIN 04/09/2019 08:00PM ET,MIN,18.91
PG/SG,Tomas Satoransky (12413319),Tomas Satoransky,12413319,PG/SG/G/UTIL,5700,BOS@WAS 04/09/2019 07:00PM ET,WAS,22.78
PG/SF,Justise Winslow (12413314),Justise Winslow,12413314,PG/SF/F/G/UTIL,5700,PHI@MIA 04/09/2019 07:30PM ET,MIA,28.29
PG/SG,Fred VanVleet (12413341),Fred VanVleet,12413341,PG/SG/G/UTIL,5600,TOR@MIN 04/09/2019 08:00PM ET,TOR,23.96
PG/SG,Reggie Jackson (12413330),Reggie Jackson,12413330,PG/SG/G/UTIL,5600,MEM@DET 04/09/2019 07:00PM ET,DET,26.59
PF/C,Kelly Olynyk (12413337),Kelly Olynyk,12413337,PF/C/F/UTIL,5600,PHI@MIA 04/09/2019 07:30PM ET,MIA,20.96
PF,Jerami Grant (12413334),Jerami Grant,12413334,PF/F/UTIL,5600,HOU@OKC 04/09/2019 09:30PM ET,OKC,25.92
SF/PF,Kevin Knox (12413349),Kevin Knox,12413349,SF/PF/F/UTIL,5500,NY@CHI 04/09/2019 08:00PM ET,NY,21.86
PF/C,Paul Millsap (12413353),Paul Millsap,12413353,PF/C/F/UTIL,5500,DEN@UTA 04/09/2019 09:00PM ET,DEN,28.91
PF/C,Ivan Rabb (12413345),Ivan Rabb,12413345,PF/C/F/UTIL,5500,MEM@DET 04/09/2019 07:00PM ET,MEM,13.3
SF/PF,Bruno Caboclo (12413357),Bruno Caboclo,12413357,SF/PF/F/UTIL,5500,MEM@DET 04/09/2019 07:00PM ET,MEM,18.7
PG/SG,Dennis Schroder (12413361),Dennis Schroder,12413361,PG/SG/G/UTIL,5500,HOU@OKC 04/09/2019 09:30PM ET,OKC,27.62
PF/C,Frank Kaminsky (12413365),Frank Kaminsky,12413365,PF/C/F/UTIL,5400,CHA@CLE 04/09/2019 07:00PM ET,CHA,16.38
SF/PF,Cedi Osman (12413369),Cedi Osman,12413369,SF/PF/F/UTIL,5400,CHA@CLE 04/09/2019 07:00PM ET,CLE,24.78
PF,Dario Saric (12413373),Dario Saric,12413373,PF/F/UTIL,5400,TOR@MIN 04/09/2019 08:00PM ET,MIN,21.42
SG/SF,Wayne Selden Jr. (12413380),Wayne Selden Jr.,12413380,SG/SF/F/G/UTIL,5300,NY@CHI 04/09/2019 08:00PM ET,CHI,12.94
PG/SG,Frank Jackson (12413385),Frank Jackson,12413385,PG/SG/G/UTIL,5300,GS@NO 04/09/2019 08:00PM ET,NO,13.48
PG/SG,Trey Burke (12413376),Trey Burke,12413376,PG/SG/G/UTIL,5300,PHO@DAL 04/09/2019 08:30PM ET,DAL,18.82
SF/PF,Miles Bridges (12413394),Miles Bridges,12413394,SF/PF/F/UTIL,5200,CHA@CLE 04/09/2019 07:00PM ET,CHA,16.47
SG/SF,Troy Brown (12413389),Troy Brown,12413389,SG/SF/F/G/UTIL,5200,BOS@WAS 04/09/2019 07:00PM ET,WAS,11.68
PG/SG,Terry Rozier (12413398),Terry Rozier,12413398,PG/SG/G/UTIL,5200,BOS@WAS 04/09/2019 07:00PM ET,BOS,20.61
SG/SF,Damyean Dotson (12413402),Damyean Dotson,12413402,SG/SF/F/G/UTIL,5100,NY@CHI 04/09/2019 08:00PM ET,NY,20.25
PF/C,Wendell Carter Jr. (12413409),Wendell Carter Jr.,12413409,PF/C/F/UTIL,5100,NY@CHI 04/09/2019 08:00PM ET,CHI,25.11
PG,Dennis Smith Jr. (12413421),Dennis Smith Jr.,12413421,PG/G/UTIL,5100,NY@CHI 04/09/2019 08:00PM ET,NY,26.88
SF/PF,LeBron James (12413417),LeBron James,12413417,SF/PF/F/UTIL,5100,POR@LAL 04/09/2019 10:30PM ET,LAL,54.66
C,Hassan Whiteside (12413407),Hassan Whiteside,12413407,C/UTIL,5100,PHI@MIA 04/09/2019 07:30PM ET,MIA,32.75
PG/SG,Jalen Brunson (12413413),Jalen Brunson,12413413,PG/SG/G/UTIL,5100,PHO@DAL 04/09/2019 08:30PM ET,DAL,17.77
C,Robin Lopez (12413424),Robin Lopez,12413424,C/UTIL,5000,NY@CHI 04/09/2019 08:00PM ET,CHI,17.94
C,Cody Zeller (12413444),Cody Zeller,12413444,C/UTIL,5000,CHA@CLE 04/09/2019 07:00PM ET,CHA,24.54
PG/SG,Tyler Dorsey (12413430),Tyler Dorsey,12413430,PG/SG/G/UTIL,5000,MEM@DET 04/09/2019 07:00PM ET,MEM,11.11
SG/SF,Wayne Ellington (12413434),Wayne Ellington,12413434,SG/SF/F/G/UTIL,5000,MEM@DET 04/09/2019 07:00PM ET,DET,18.07
SG/SF,Justin Holiday (12413439),Justin Holiday,12413439,SG/SF/F/G/UTIL,5000,MEM@DET 04/09/2019 07:00PM ET,MEM,22.19
PF/C,Jonah Bolden (12413426),Jonah Bolden,12413426,PF/C/F/UTIL,5000,PHI@MIA 04/09/2019 07:30PM ET,PHI,13.59
SF/PF,Al-Farouq Aminu (12413454),Al-Farouq Aminu,12413454,SF/PF/F/UTIL,4900,POR@LAL 04/09/2019 10:30PM ET,POR,23.78
SF/PF,Kenrich Williams (12413450),Kenrich Williams,12413450,SF/PF/F/UTIL,4900,GS@NO 04/09/2019 08:00PM ET,NO,17.29
PF/C,Dragan Bender (12413446),Dragan Bender,12413446,PF/C/F/UTIL,4900,PHO@DAL 04/09/2019 08:30PM ET,PHO,12.96
PG/SG,Tyler Johnson (12413458),Tyler Johnson,12413458,PG/SG/G/UTIL,4900,PHO@DAL 04/09/2019 08:30PM ET,PHO,21.98
PF/C,Noah Vonleh (12413462),Noah Vonleh,12413462,PF/C/F/UTIL,4800,NY@CHI 04/09/2019 08:00PM ET,NY,23.89
SG/SF,Jaylen Brown (12413466),Jaylen Brown,12413466,SG/SF/F/G/UTIL,4800,BOS@WAS 04/09/2019 07:00PM ET,BOS,23.03
C,Aron Baynes (12413476),Aron Baynes,12413476,C/UTIL,4700,BOS@WAS 04/09/2019 07:00PM ET,BOS,14.83
SF/PF,Marcus Morris (12413482),Marcus Morris,12413482,SF/PF/F/UTIL,4700,BOS@WAS 04/09/2019 07:00PM ET,BOS,26.03
SF/PF,Trevor Ariza (12413486),Trevor Ariza,12413486,SF/PF/F/UTIL,4700,BOS@WAS 04/09/2019 07:00PM ET,WAS,28.34
PF/C,Mason Plumlee (12413478),Mason Plumlee,12413478,PF/C/F/UTIL,4700,DEN@UTA 04/09/2019 09:00PM ET,DEN,23.02
SG/SF,Mikal Bridges (12413471),Mikal Bridges,12413471,SG/SF/F/G/UTIL,4700,PHO@DAL 04/09/2019 08:30PM ET,PHO,20.1
PF/C,Luke Kornet (12413513),Luke Kornet,12413513,PF/C/F/UTIL,4600,NY@CHI 04/09/2019 08:00PM ET,NY,15.64
SG/SF,Dwayne Bacon (12413504),Dwayne Bacon,12413504,SG/SF/F/G/UTIL,4600,CHA@CLE 04/09/2019 07:00PM ET,CHA,12.48
C,Tristan Thompson (12413536),Tristan Thompson,12413536,C/UTIL,4600,CHA@CLE 04/09/2019 07:00PM ET,CLE,28.69
SF/PF,Moe Harkless (12413517),Moe Harkless,12413517,SF/PF/F/UTIL,4600,POR@LAL 04/09/2019 10:30PM ET,POR,18.64
SG/SF,Lance Stephenson (12413521),Lance Stephenson,12413521,SG/SF/F/G/UTIL,4600,POR@LAL 04/09/2019 10:30PM ET,LAL,15.83
PG/SG,Seth Curry (12413532),Seth Curry,12413532,PG/SG/G/UTIL,4600,POR@LAL 04/09/2019 10:30PM ET,POR,12.62
PG/SG,Marcus Smart (12413509),Marcus Smart,12413509,PG/SG/G/UTIL,4600,BOS@WAS 04/09/2019 07:00PM ET,BOS,22.84
SF/PF,Jae Crowder (12413526),Jae Crowder,12413526,SF/PF/F/UTIL,4600,DEN@UTA 04/09/2019 09:00PM ET,UTA,23.34
C,Joakim Noah (12413530),Joakim Noah,12413530,C/UTIL,4600,MEM@DET 04/09/2019 07:00PM ET,MEM,19.33
SG/SF,Eric Gordon (12413495),Eric Gordon,12413495,SG/SF/F/G/UTIL,4600,HOU@OKC 04/09/2019 09:30PM ET,HOU,24.81
PG/SG,Ian Clark (12413500),Ian Clark,12413500,PG/SG/G/UTIL,4600,GS@NO 04/09/2019 08:00PM ET,NO,11.64
SG/SF,Justin Jackson (12413490),Justin Jackson,12413490,SG/SF/F/G/UTIL,4600,PHO@DAL 04/09/2019 08:30PM ET,DAL,13.68
PG/SG,Antonio Blakeney (12413538),Antonio Blakeney,12413538,PG/SG/G/UTIL,4500,NY@CHI 04/09/2019 08:00PM ET,CHI,11.66
PF/C,Taj Gibson (12413550),Taj Gibson,12413550,PF/C/F/UTIL,4500,TOR@MIN 04/09/2019 08:00PM ET,MIN,23.2
SF/PF,Chandler Parsons (12413542),Chandler Parsons,12413542,SF/PF/F/UTIL,4500,MEM@DET 04/09/2019 07:00PM ET,MEM,15.48
SF/PF,Stanley Johnson (12413546),Stanley Johnson,12413546,SF/PF/F/UTIL,4500,GS@NO 04/09/2019 08:00PM ET,NO,15.09
SF/PF,Timothe Luwawu-Cabarrot (12413562),Timothe Luwawu-Cabarrot,12413562,SF/PF/F/UTIL,4400,NY@CHI 04/09/2019 08:00PM ET,CHI,8.66
PG/SG,Ryan Arcidiacono (12413571),Ryan Arcidiacono,12413571,PG/SG/G/UTIL,4400,NY@CHI 04/09/2019 08:00PM ET,CHI,16.53
C,Guillermo Hernangomez (12413575),Guillermo Hernangomez,12413575,C/UTIL,4400,CHA@CLE 04/09/2019 07:00PM ET,CHA,16.71
SG/SF,Evan Turner (12413566),Evan Turner,12413566,SG/SF/F/G/UTIL,4400,POR@LAL 04/09/2019 10:30PM ET,POR,19.08
SG/SF,Rodney Hood (12413577),Rodney Hood,12413577,SG/SF/F/G/UTIL,4400,POR@LAL 04/09/2019 10:30PM ET,POR,18.88
PG,Monte Morris (12413582),Monte Morris,12413582,PG/G/UTIL,4400,DEN@UTA 04/09/2019 09:00PM ET,DEN,20.82
PG/SG,Avery Bradley (12413585),Avery Bradley,12413585,PG/SG/G/UTIL,4400,MEM@DET 04/09/2019 07:00PM ET,MEM,18.8
SF/PF,Mike Scott (12413554),Mike Scott,12413554,SF/PF/F/UTIL,4400,PHI@MIA 04/09/2019 07:30PM ET,PHI,12.69
PF/C,Maxi Kleber (12413558),Maxi Kleber,12413558,PF/C/F/UTIL,4400,PHO@DAL 04/09/2019 08:30PM ET,DAL,17.51
SG/SF,Nicolas Batum (12413598),Nicolas Batum,12413598,SG/SF/F/G/UTIL,4300,CHA@CLE 04/09/2019 07:00PM ET,CHA,24.13
SF/PF,Marvin Williams (12413603),Marvin Williams,12413603,SF/PF/F/UTIL,4300,CHA@CLE 04/09/2019 07:00PM ET,CHA,22.94
SG/SF,Danny Green (12413593),Danny Green,12413593,SG/SF/F/G/UTIL,4300,TOR@MIN 04/09/2019 08:00PM ET,TOR,21.54
PG/SG,Jamal Crawford (12413589),Jamal Crawford,12413589,PG/SG/G/UTIL,4300,PHO@DAL 04/09/2019 08:30PM ET,PHO,15.26
PF/C,Gorgui Dieng (12413611),Gorgui Dieng,12413611,PF/C/F/UTIL,4200,TOR@MIN 04/09/2019 08:00PM ET,MIN,14.42
SG/SF,Josh Okogie (12413620),Josh Okogie,12413620,SG/SF/F/G/UTIL,4200,TOR@MIN 04/09/2019 08:00PM ET,MIN,16.78
PG/SG,Jeremy Lin (12413629),Jeremy Lin,12413629,PG/SG/G/UTIL,4200,TOR@MIN 04/09/2019 08:00PM ET,TOR,18.4
SG/SF,Will Barton (12413615),Will Barton,12413615,SG/SF/F/G/UTIL,4200,DEN@UTA 04/09/2019 09:00PM ET,DEN,23.77
PF/C,Kenneth Faried (12413607),Kenneth Faried,12413607,PF/C/F/UTIL,4200,HOU@OKC 04/09/2019 09:30PM ET,HOU,22.03
PF/C,Cheick Diallo (12413625),Cheick Diallo,12413625,PF/C/F/UTIL,4200,GS@NO 04/09/2019 08:00PM ET,NO,14.92
C,DeAndre Jordan (12413635),DeAndre Jordan,12413635,C/UTIL,4100,NY@CHI 04/09/2019 08:00PM ET,NY,33.86
PF/C,Thon Maker (12413637),Thon Maker,12413637,PF/C/F/UTIL,4100,MEM@DET 04/09/2019 07:00PM ET,DET,12.69
C,Salah Mejri (12413633),Salah Mejri,12413633,C/UTIL,4100,PHO@DAL 04/09/2019 08:30PM ET,DAL,11.98
PF/C,Moritz Wagner (12413645),Moritz Wagner,12413645,PF/C/F/UTIL,4000,POR@LAL 04/09/2019 10:30PM ET,LAL,9.2
PF/C,Zach Collins (12413651),Zach Collins,12413651,PF/C/F/UTIL,4000,POR@LAL 04/09/2019 10:30PM ET,POR,15.45
PG,Ish Smith (12413663),Ish Smith,12413663,PG/G/UTIL,4000,MEM@DET 04/09/2019 07:00PM ET,DET,18.8
SF/PF,James Johnson (12413655),James Johnson,12413655,SF/PF/F/UTIL,4000,PHI@MIA 04/09/2019 07:30PM ET,MIA,17.84
C,Jahlil Okafor (12413649),Jahlil Okafor,12413649,C/UTIL,4000,GS@NO 04/09/2019 08:00PM ET,NO,16.53
PF/C,Ray Spalding (12413641),Ray Spalding,12413641,PF/C/F/UTIL,4000,PHO@DAL 04/09/2019 08:30PM ET,PHO,10.1
SF/PF,T.J. Warren (12413659),T.J. Warren,12413659,SF/PF/F/UTIL,4000,PHO@DAL 04/09/2019 08:30PM ET,PHO,29.26
PG/SG,Jordan McRae (12413668),Jordan McRae,12413668,PG/SG/G/UTIL,3900,BOS@WAS 04/09/2019 07:00PM ET,WAS,11.25
C,Boban Marjanovic (12413666),Boban Marjanovic,12413666,C/UTIL,3900,PHI@MIA 04/09/2019 07:30PM ET,PHI,15.44
SF/PF,Derrick Jones Jr. (12413672),Derrick Jones Jr.,12413672,SF/PF/F/UTIL,3900,PHI@MIA 04/09/2019 07:30PM ET,MIA,15.76
SF/PF,James Ennis III (12413676),James Ennis III,12413676,SF/PF/F/UTIL,3900,PHI@MIA 04/09/2019 07:30PM ET,PHI,14.08
SG/SF,Norman Powell (12413697),Norman Powell,12413697,SG/SF/F/G/UTIL,3800,TOR@MIN 04/09/2019 08:00PM ET,TOR,15.69
SF/PF,Jeff Green (12413691),Jeff Green,12413691,SF/PF/F/UTIL,3800,BOS@WAS 04/09/2019 07:00PM ET,WAS,22.26
SG,Gary Harris (12413688),Gary Harris,12413688,SG/G/UTIL,3800,DEN@UTA 04/09/2019 09:00PM ET,DEN,22.55
SG/SF,Luke Kennard (12413702),Luke Kennard,12413702,SG/SF/F/G/UTIL,3800,MEM@DET 04/09/2019 07:00PM ET,DET,17.24
C,Greg Monroe (12413695),Greg Monroe,12413695,C/UTIL,3800,PHI@MIA 04/09/2019 07:30PM ET,PHI,11.13
SF/PF,Danuel House Jr. (12413680),Danuel House Jr.,12413680,SF/PF/F/UTIL,3800,HOU@OKC 04/09/2019 09:30PM ET,HOU,17.86
PF/C,Dirk Nowitzki (12413684),Dirk Nowitzki,12413684,PF/C/F/UTIL,3800,PHO@DAL 04/09/2019 08:30PM ET,DAL,12.55
C,Cristiano Felicio (12413710),Cristiano Felicio,12413710,C/UTIL,3700,NY@CHI 04/09/2019 08:00PM ET,CHI,9.67
SF/PF,P.J. Tucker (12413712),P.J. Tucker,12413712,SF/PF/F/UTIL,3700,HOU@OKC 04/09/2019 09:30PM ET,HOU,21.14
PG,Elie Okobo (12413707),Elie Okobo,12413707,PG/G/UTIL,3700,PHO@DAL 04/09/2019 08:30PM ET,PHO,12.68
PG/SG,Kadeem Allen (12413724),Kadeem Allen,12413724,PG/SG/G/UTIL,3600,NY@CHI 04/09/2019 08:00PM ET,NY,20.22
PG/SG,Allonzo Trier (12413738),Allonzo Trier,12413738,PG/SG/G/UTIL,3600,NY@CHI 04/09/2019 08:00PM ET,NY,18.36
SG/SF,David Nwaba (12413742),David Nwaba,12413742,SG/SF/F/G/UTIL,3600,CHA@CLE 04/09/2019 07:00PM ET,CLE,14.33
PG/SG,Malik Monk (12413747),Malik Monk,12413747,PG/SG/G/UTIL,3600,CHA@CLE 04/09/2019 07:00PM ET,CHA,15.33
SG/SF,Reggie Bullock (12413733),Reggie Bullock,12413733,SG/SF/F/G/UTIL,3600,POR@LAL 04/09/2019 10:30PM ET,LAL,20.1
PG/SG,Jerryd Bayless (12413751),Jerryd Bayless,12413751,PG/SG/G/UTIL,3600,TOR@MIN 04/09/2019 08:00PM ET,MIN,14.9
SG/SF,Andre Iguodala (12413728),Andre Iguodala,12413728,SG/SF/F/G/UTIL,3600,GS@NO 04/09/2019 08:00PM ET,GS,18.45
SG/SF,Troy Daniels (12413716),Troy Daniels,12413716,SG/SF/F/G/UTIL,3600,PHO@DAL 04/09/2019 08:30PM ET,PHO,10.64
PG,De'Anthony Melton (12413721),De'Anthony Melton,12413721,PG/G/UTIL,3600,PHO@DAL 04/09/2019 08:30PM ET,PHO,16.3
PG/SG,Brandon Sampson (12413769),Brandon Sampson,12413769,PG/SG/G/UTIL,3500,NY@CHI 04/09/2019 08:00PM ET,CHI,8.32
C,Ante Zizic (12413759),Ante Zizic,12413759,C/UTIL,3500,CHA@CLE 04/09/2019 07:00PM ET,CLE,16.75
SF/PF,Michael Kidd-Gilchrist (12413765),Michael Kidd-Gilchrist,12413765,SF/PF/F/UTIL,3500,CHA@CLE 04/09/2019 07:00PM ET,CHA,15.16
PG/SG,Brandon Knight (12413782),Brandon Knight,12413782,PG/SG/G/UTIL,3500,CHA@CLE 04/09/2019 07:00PM ET,CLE,12.6
PG/SG,Devonte' Graham (12413805),Devonte' Graham,12413805,PG/SG/G/UTIL,3500,CHA@CLE 04/09/2019 07:00PM ET,CHA,11.3
PF/C,Johnathan Williams (12413755),Johnathan Williams,12413755,PF/C/F/UTIL,3500,POR@LAL 04/09/2019 10:30PM ET,LAL,13.33
PF,Jake Layman (12413802),Jake Layman,12413802,PF/F/UTIL,3500,POR@LAL 04/09/2019 10:30PM ET,POR,14.37
C,Dwight Howard (12413790),Dwight Howard,12413790,C/UTIL,3500,BOS@WAS 04/09/2019 07:00PM ET,WAS,27.03
PG/SG,Grayson Allen (12413778),Grayson Allen,12413778,PG/SG/G/UTIL,3500,DEN@UTA 04/09/2019 09:00PM ET,UTA,6.81
SG/SF,Torrey Craig (12413792),Torrey Craig,12413792,SG/SF/F/G/UTIL,3500,DEN@UTA 04/09/2019 09:00PM ET,DEN,14.28
SG/SF,Terrance Ferguson (12413773),Terrance Ferguson,12413773,SG/SF/F/G/UTIL,3500,HOU@OKC 04/09/2019 09:30PM ET,OKC,12.38
PF/C,Kevon Looney (12413761),Kevon Looney,12413761,PF/C/F/UTIL,3500,GS@NO 04/09/2019 08:00PM ET,GS,17.33
SF/PF,Darius Miller (12413786),Darius Miller,12413786,SF/PF/F/UTIL,3500,GS@NO 04/09/2019 08:00PM ET,NO,16.07
SG/SF,Ryan Broekhoff (12413797),Ryan Broekhoff,12413797,SG/SF/F/G/UTIL,3500,PHO@DAL 04/09/2019 08:30PM ET,DAL,7.84
SG/SF,Rawle Alkins (12413813),Rawle Alkins,12413813,SG/SF/F/G/UTIL,3400,NY@CHI 04/09/2019 08:00PM ET,CHI,9.41
PF/C,Henry Ellenson (12413852),Henry Ellenson,12413852,PF/C/F/UTIL,3400,NY@CHI 04/09/2019 08:00PM ET,NY,12.28
C,Bismack Biyombo (12413865),Bismack Biyombo,12413865,C/UTIL,3400,CHA@CLE 04/09/2019 07:00PM ET,CHA,12.64
SG/SF,Jemerrio Jones (12413831),Jemerrio Jones,12413831,SG/SF/F/G/UTIL,3400,POR@LAL 04/09/2019 10:30PM ET,LAL,18
SG/SF,Josh Hart (12413860),Josh Hart,12413860,SG/SF/F/G/UTIL,3400,POR@LAL 04/09/2019 10:30PM ET,LAL,17.99
SF,Royce O'Neale (12413818),Royce O'Neale,12413818,SF/F/UTIL,3400,DEN@UTA 04/09/2019 09:00PM ET,UTA,13.68
PG,Raul Neto (12413845),Raul Neto,12413845,PG/G/UTIL,3400,DEN@UTA 04/09/2019 09:00PM ET,UTA,11.93
PG/SG,Malik Beasley (12413848),Malik Beasley,12413848,PG/SG/G/UTIL,3400,DEN@UTA 04/09/2019 09:00PM ET,DEN,18.38
PG/SG,Langston Galloway (12413856),Langston Galloway,12413856,PG/SG/G/UTIL,3400,MEM@DET 04/09/2019 07:00PM ET,DET,14.47
PG/SG,T.J. McConnell (12413809),T.J. McConnell,12413809,PG/SG/G/UTIL,3400,PHI@MIA 04/09/2019 07:30PM ET,PHI,16.25
SG/SF,Rodney McGruder (12413836),Rodney McGruder,12413836,SG/SF/F/G/UTIL,3400,PHI@MIA 04/09/2019 07:30PM ET,MIA,16.54
C,Andrew Bogut (12413821),Andrew Bogut,12413821,C/UTIL,3400,GS@NO 04/09/2019 08:00PM ET,GS,12.98
PG,Quinn Cook (12413823),Quinn Cook,12413823,PG/G/UTIL,3400,GS@NO 04/09/2019 08:00PM ET,GS,12.78
SG/SF,Courtney Lee (12413826),Courtney Lee,12413826,SG/SF/F/G/UTIL,3400,PHO@DAL 04/09/2019 08:30PM ET,DAL,8.63
SF/PF,Dorian Finney-Smith (12413841),Dorian Finney-Smith,12413841,SF/PF/F/UTIL,3400,PHO@DAL 04/09/2019 08:30PM ET,DAL,17.82
PG/SG,John Jenkins (12413876),John Jenkins,12413876,PG/SG/G/UTIL,3300,NY@CHI 04/09/2019 08:00PM ET,NY,6.98
SG/SF,Billy Garrett Jr. (12413892),Billy Garrett Jr.,12413892,SG/SF/F/G/UTIL,3300,NY@CHI 04/09/2019 08:00PM ET,NY,11.38
PF/C,Marquese Chriss (12413931),Marquese Chriss,12413931,PF/C/F/UTIL,3300,CHA@CLE 04/09/2019 07:00PM ET,CLE,9.99
PF/C,Mike Muscala (12413884),Mike Muscala,12413884,PF/C/F/UTIL,3300,POR@LAL 04/09/2019 10:30PM ET,LAL,15.63
PF/C,Meyers Leonard (12413905),Meyers Leonard,12413905,PF/C/F/UTIL,3300,POR@LAL 04/09/2019 10:30PM ET,POR,12.89
SF/PF,Anthony Tolliver (12413897),Anthony Tolliver,12413897,SF/PF/F/UTIL,3300,TOR@MIN 04/09/2019 08:00PM ET,MIN,11.17
SF,Keita Bates-Diop (12413928),Keita Bates-Diop,12413928,SF/F/UTIL,3300,TOR@MIN 04/09/2019 08:00PM ET,MIN,11.05
SG,Jodie Meeks (12413940),Jodie Meeks,12413940,SG/G/UTIL,3300,TOR@MIN 04/09/2019 08:00PM ET,TOR,10.75
SF/PF,Sam Dekker (12413888),Sam Dekker,12413888,SF/PF/F/UTIL,3300,BOS@WAS 04/09/2019 07:00PM ET,WAS,13.32
SF/PF,Georges Niang (12413901),Georges Niang,12413901,SF/PF/F/UTIL,3300,DEN@UTA 04/09/2019 09:00PM ET,UTA,6.78
C,Ekpe Udoh (12413913),Ekpe Udoh,12413913,C/UTIL,3300,DEN@UTA 04/09/2019 09:00PM ET,UTA,6.31
SG/SF,Kyle Korver (12413935),Kyle Korver,12413935,SG/SF/F/G/UTIL,3300,DEN@UTA 04/09/2019 09:00PM ET,UTA,14.82
SG/SF,Zhaire Smith (12413871),Zhaire Smith,12413871,SG/SF/F/G/UTIL,3300,PHI@MIA 04/09/2019 07:30PM ET,PHI,8.31
PF/C,Amir Johnson (12413880),Amir Johnson,12413880,PF/C/F/UTIL,3300,PHI@MIA 04/09/2019 07:30PM ET,PHI,9.56
PG/SG,Austin Rivers (12413909),Austin Rivers,12413909,PG/SG/G/UTIL,3300,HOU@OKC 04/09/2019 09:30PM ET,HOU,16.24
PF/C,Markieff Morris (12413920),Markieff Morris,12413920,PF/C/F/UTIL,3300,HOU@OKC 04/09/2019 09:30PM ET,OKC,19.21
SG/SF,E'Twaun Moore (12413915),E'Twaun Moore,12413915,SG/SF/F/G/UTIL,3300,GS@NO 04/09/2019 08:00PM ET,NO,19.8
PG/SG,Jimmer Fredette (12413867),Jimmer Fredette,12413867,PG/SG/G/UTIL,3300,PHO@DAL 04/09/2019 08:30PM ET,PHO,7.65
PG/SG,Devin Harris (12413924),Devin Harris,12413924,PG/SG/G/UTIL,3300,PHO@DAL 04/09/2019 08:30PM ET,DAL,12.19
SF/PF,Lance Thomas (12413986),Lance Thomas,12413986,SF/PF/F/UTIL,3200,NY@CHI 04/09/2019 08:00PM ET,NY,9.54
PG,Tony Parker (12413979),Tony Parker,12413979,PG/G/UTIL,3200,CHA@CLE 04/09/2019 07:00PM ET,CHA,17.34
PG/SG,Cameron Reynolds (12413969),Cameron Reynolds,12413969,PG/SG/G/UTIL,3200,TOR@MIN 04/09/2019 08:00PM ET,MIN,7.85
SF/PF,Luol Deng (12413973),Luol Deng,12413973,SF/PF/F/UTIL,3200,TOR@MIN 04/09/2019 08:00PM ET,MIN,14.6
PG/SG,Chasson Randle (12413948),Chasson Randle,12413948,PG/SG/G/UTIL,3200,BOS@WAS 04/09/2019 07:00PM ET,WAS,11
PF/C,Daniel Theis (12413956),Daniel Theis,12413956,PF/C/F/UTIL,3200,BOS@WAS 04/09/2019 07:00PM ET,BOS,13.45
PG/SG,Brad Wanamaker (12413982),Brad Wanamaker,12413982,PG/SG/G/UTIL,3200,BOS@WAS 04/09/2019 07:00PM ET,BOS,7.58
SF/PF,Thabo Sefolosha (12413952),Thabo Sefolosha,12413952,SF/PF/F/UTIL,3200,DEN@UTA 04/09/2019 09:00PM ET,UTA,9.56
SG/SF,Julian Washburn (12413943),Julian Washburn,12413943,SG/SF/F/G/UTIL,3200,MEM@DET 04/09/2019 07:00PM ET,MEM,7.62
PG/SG,Jevon Carter (12413990),Jevon Carter,12413990,PG/SG/G/UTIL,3200,MEM@DET 04/09/2019 07:00PM ET,MEM,9.99
SG/SF,Iman Shumpert (12413960),Iman Shumpert,12413960,SG/SF/F/G/UTIL,3200,HOU@OKC 04/09/2019 09:30PM ET,HOU,16.94
C,Nerlens Noel (12413977),Nerlens Noel,12413977,C/UTIL,3200,HOU@OKC 04/09/2019 09:30PM ET,OKC,15.14
SF/PF,Solomon Hill (12413965),Solomon Hill,12413965,SF/PF/F/UTIL,3200,GS@NO 04/09/2019 08:00PM ET,NO,11.38
SG/SF,Nik Stauskas (12414047),Nik Stauskas,12414047,SG/SF/F/G/UTIL,3100,CHA@CLE 04/09/2019 07:00PM ET,CLE,11.05
PG/SF,Isaac Bonga (12414031),Isaac Bonga,12414031,PG/SF/F/G/UTIL,3100,POR@LAL 04/09/2019 10:30PM ET,LAL,4.62
C,Tyson Chandler (12414061),Tyson Chandler,12414061,C/UTIL,3100,POR@LAL 04/09/2019 10:30PM ET,LAL,12.43
SF/PF,OG Anunoby (12413999),OG Anunoby,12413999,SF/PF/F/UTIL,3100,TOR@MIN 04/09/2019 08:00PM ET,TOR,13.79
PG/SG,Dante Exum (12414036),Dante Exum,12414036,PG/SG/G/UTIL,3100,DEN@UTA 04/09/2019 09:00PM ET,UTA,13.34
SF/PF,Trey Lyles (12414063),Trey Lyles,12414063,SF/PF/F/UTIL,3100,DEN@UTA 04/09/2019 09:00PM ET,DEN,17.17
C,Zaza Pachulia (12414029),Zaza Pachulia,12414029,C/UTIL,3100,MEM@DET 04/09/2019 07:00PM ET,DET,11.73
SG/SF,Bruce Brown Jr. (12414052),Bruce Brown Jr.,12414052,SG/SF/F/G/UTIL,3100,MEM@DET 04/09/2019 07:00PM ET,DET,11.06
SF/PF,Yuta Watanabe (12414057),Yuta Watanabe,12414057,SF/PF/F/UTIL,3100,MEM@DET 04/09/2019 07:00PM ET,MEM,6.34
C,Tyler Zeller (12414070),Tyler Zeller,12414070,C/UTIL,3100,MEM@DET 04/09/2019 07:00PM ET,MEM,12
SG/SF,Jonathon Simmons (12413994),Jonathon Simmons,12413994,SG/SF/F/G/UTIL,3100,PHI@MIA 04/09/2019 07:30PM ET,PHI,13.15
SG/SF,Duncan Robinson (12414024),Duncan Robinson,12414024,SG/SF/F/G/UTIL,3100,PHI@MIA 04/09/2019 07:30PM ET,MIA,4.9
SG/SF,Gerald Green (12414003),Gerald Green,12414003,SG/SF/F/G/UTIL,3100,HOU@OKC 04/09/2019 09:30PM ET,HOU,15.46
C,Nene Hilario (12414040),Nene Hilario,12414040,C/UTIL,3100,HOU@OKC 04/09/2019 09:30PM ET,HOU,9.77
SF/PF,Jonas Jerebko (12414008),Jonas Jerebko,12414008,SF/PF/F/UTIL,3100,GS@NO 04/09/2019 08:00PM ET,GS,14.61
SF/PF,Alfonzo McKinnie (12414012),Alfonzo McKinnie,12414012,SF/PF/F/UTIL,3100,GS@NO 04/09/2019 08:00PM ET,GS,10.46
PG/SG,Jrue Holiday (12414016),Jrue Holiday,12414016,PG/SG/G/UTIL,3100,GS@NO 04/09/2019 08:00PM ET,NO,43.6
SG/SF,Damion Lee (12414042),Damion Lee,12414042,SG/SF/F/G/UTIL,3100,GS@NO 04/09/2019 08:00PM ET,GS,7.93
PG,Shaun Livingston (12414067),Shaun Livingston,12414067,PG/G/UTIL,3100,GS@NO 04/09/2019 08:00PM ET,GS,10.61
PG/SG,Daryl Macon (12414020),Daryl Macon,12414020,PG/SG/G/UTIL,3100,PHO@DAL 04/09/2019 08:30PM ET,DAL,7
PF/C,Lauri Markkanen (12414072),Lauri Markkanen,12414072,PF/C/F/UTIL,3000,NY@CHI 04/09/2019 08:00PM ET,CHI,35.8
SF/PF,Chandler Hutchison (12414085),Chandler Hutchison,12414085,SF/PF/F/UTIL,3000,NY@CHI 04/09/2019 08:00PM ET,CHI,12.85
PG/SF,Denzel Valentine (12414089),Denzel Valentine,12414089,PG/SF/F/G/UTIL,3000,NY@CHI 04/09/2019 08:00PM ET,CHI,0
PF/C,Isaiah Hicks (12414177),Isaiah Hicks,12414177,PF/C/F/UTIL,3000,NY@CHI 04/09/2019 08:00PM ET,NY,2.5
SG/SF,Frank Ntilikina (12414222),Frank Ntilikina,12414222,SG/SF/F/G/UTIL,3000,NY@CHI 04/09/2019 08:00PM ET,NY,14.25
PG/SG,Shelvin Mack (12414184),Shelvin Mack,12414184,PG/SG/G/UTIL,3000,CHA@CLE 04/09/2019 07:00PM ET,CHA,16.25
SG/SF,J.R. Smith (12414188),J.R. Smith,12414188,SG/SF/F/G/UTIL,3000,CHA@CLE 04/09/2019 07:00PM ET,CLE,14.23
PG,Joe Chealey (12414208),Joe Chealey,12414208,PG/G/UTIL,3000,CHA@CLE 04/09/2019 07:00PM ET,CHA,3.5
SG,J.P. Macura (12414243),J.P. Macura,12414243,SG/G/UTIL,3000,CHA@CLE 04/09/2019 07:00PM ET,CHA,9.5
SF/PF,Deng Adel (12414264),Deng Adel,12414264,SF/PF/F/UTIL,3000,CHA@CLE 04/09/2019 07:00PM ET,CLE,4.31
SF/PF,Jaron Blossomgame (12414268),Jaron Blossomgame,12414268,SF/PF/F/UTIL,3000,CHA@CLE 04/09/2019 07:00PM ET,CLE,10.63
PF/C,Channing Frye (12414342),Channing Frye,12414342,PF/C/F/UTIL,3000,CHA@CLE 04/09/2019 07:00PM ET,CLE,7
PG/SG,Matthew Dellavedova (12414358),Matthew Dellavedova,12414358,PG/SG/G/UTIL,3000,CHA@CLE 04/09/2019 07:00PM ET,CLE,13.95
C,John Henson (12414362),John Henson,12414362,C/UTIL,3000,CHA@CLE 04/09/2019 07:00PM ET,CLE,16.02
C,Jusuf Nurkic (12414098),Jusuf Nurkic,12414098,C/UTIL,3000,POR@LAL 04/09/2019 10:30PM ET,POR,37.94
PG,Lonzo Ball (12414193),Lonzo Ball,12414193,PG/G/UTIL,3000,POR@LAL 04/09/2019 10:30PM ET,LAL,28.35
PG/SG,Brandon Ingram (12414196),Brandon Ingram,12414196,PG/SG/G/UTIL,3000,POR@LAL 04/09/2019 10:30PM ET,LAL,30.51
SG,Andre Ingram (12414200),Andre Ingram,12414200,SG/G/UTIL,3000,POR@LAL 04/09/2019 10:30PM ET,LAL,1
PF/C,Skal Labissiere (12414331),Skal Labissiere,12414331,PF/C/F/UTIL,3000,POR@LAL 04/09/2019 10:30PM ET,POR,5.08
SG,Gary Trent Jr. (12414335),Gary Trent Jr.,12414335,SG/G/UTIL,3000,POR@LAL 04/09/2019 10:30PM ET,POR,2.7
PG/SG,Anfernee Simons (12414419),Anfernee Simons,12414419,PG/SG/G/UTIL,3000,POR@LAL 04/09/2019 10:30PM ET,POR,2.62
SG/SF,Patrick McCaw (12414134),Patrick McCaw,12414134,SG/SF/F/G/UTIL,3000,TOR@MIN 04/09/2019 08:00PM ET,TOR,7.71
PG/SG,Jordan Loyd (12414250),Jordan Loyd,12414250,PG/SG/G/UTIL,3000,TOR@MIN 04/09/2019 08:00PM ET,TOR,3.86
PF,Malcolm Miller (12414254),Malcolm Miller,12414254,PF/F/UTIL,3000,TOR@MIN 04/09/2019 08:00PM ET,TOR,5.22
PF/C,Chris Boucher (12414346),Chris Boucher,12414346,PF/C/F/UTIL,3000,TOR@MIN 04/09/2019 08:00PM ET,TOR,7.06
SF/PF,Robert Covington (12414350),Robert Covington,12414350,SF/PF/F/UTIL,3000,TOR@MIN 04/09/2019 08:00PM ET,MIN,29.69
SG/SF,Mitch Creek (12414395),Mitch Creek,12414395,SG/SF/F/G/UTIL,3000,TOR@MIN 04/09/2019 08:00PM ET,MIN,12
PG/SG,Jared Terrell (12414403),Jared Terrell,12414403,PG/SG/G/UTIL,3000,TOR@MIN 04/09/2019 08:00PM ET,MIN,4.19
SG/SF,C.J. Williams (12414407),C.J. Williams,12414407,SG/SF/F/G/UTIL,3000,TOR@MIN 04/09/2019 08:00PM ET,MIN,4.48
PG/SG,Derrick Rose (12414412),Derrick Rose,12414412,PG/SG/G/UTIL,3000,TOR@MIN 04/09/2019 08:00PM ET,MIN,29.32
PG,Jeff Teague (12414416),Jeff Teague,12414416,PG/G/UTIL,3000,TOR@MIN 04/09/2019 08:00PM ET,MIN,30.11
SG,R.J. Hunter (12414107),R.J. Hunter,12414107,SG/G/UTIL,3000,BOS@WAS 04/09/2019 07:00PM ET,BOS,0
PF/C,Robert Williams (12414119),Robert Williams,12414119,PF/C/F/UTIL,3000,BOS@WAS 04/09/2019 07:00PM ET,BOS,9.32
PF/C,Guerschon Yabusele (12414123),Guerschon Yabusele,12414123,PF/C/F/UTIL,3000,BOS@WAS 04/09/2019 07:00PM ET,BOS,4.81
PG/SG,PJ Dozier (12414127),PJ Dozier,12414127,PG/SG/G/UTIL,3000,BOS@WAS 04/09/2019 07:00PM ET,BOS,3.75
SG,Devin Robinson (12414165),Devin Robinson,12414165,SG/G/UTIL,3000,BOS@WAS 04/09/2019 07:00PM ET,WAS,12.38
C,Ian Mahinmi (12414241),Ian Mahinmi,12414241,C/UTIL,3000,BOS@WAS 04/09/2019 07:00PM ET,WAS,11.44
SF/PF,Semi Ojeleye (12414246),Semi Ojeleye,12414246,SF/PF/F/UTIL,3000,BOS@WAS 04/09/2019 07:00PM ET,BOS,6.02
SF,Wesley Johnson (12414257),Wesley Johnson,12414257,SF/F/UTIL,3000,BOS@WAS 04/09/2019 07:00PM ET,WAS,8.1
PG,John Wall (12414364),John Wall,12414364,PG/G/UTIL,3000,BOS@WAS 04/09/2019 07:00PM ET,WAS,42.58
PF,Tyler Cavanaugh (12414139),Tyler Cavanaugh,12414139,PF/F/UTIL,3000,DEN@UTA 04/09/2019 09:00PM ET,UTA,1.69
PG/SG,Nazareth Mitrou-Long (12414173),Nazareth Mitrou-Long,12414173,PG/SG/G/UTIL,3000,DEN@UTA 04/09/2019 09:00PM ET,UTA,1.42
C,Tony Bradley (12414235),Tony Bradley,12414235,C/UTIL,3000,DEN@UTA 04/09/2019 09:00PM ET,UTA,3.88
PG/SG,Brandon Goodwin (12414272),Brandon Goodwin,12414272,PG/SG/G/UTIL,3000,DEN@UTA 04/09/2019 09:00PM ET,DEN,3.38
PG,Isaiah Thomas (12414296),Isaiah Thomas,12414296,PG/G/UTIL,3000,DEN@UTA 04/09/2019 09:00PM ET,DEN,13.06
C,Thomas Welsh (12414299),Thomas Welsh,12414299,C/UTIL,3000,DEN@UTA 04/09/2019 09:00PM ET,DEN,3.5
PF,Tyler Lydon (12414301),Tyler Lydon,12414301,PF/F/UTIL,3000,DEN@UTA 04/09/2019 09:00PM ET,DEN,2.44
SF/PF,Juancho Hernangomez (12414304),Juancho Hernangomez,12414304,SF/PF/F/UTIL,3000,DEN@UTA 04/09/2019 09:00PM ET,DEN,13.6
SF/PF,Jarred Vanderbilt (12414308),Jarred Vanderbilt,12414308,SF/PF/F/UTIL,3000,DEN@UTA 04/09/2019 09:00PM ET,DEN,4.41
SF/PF,Michael Porter Jr. (12414338),Michael Porter Jr.,12414338,SF/PF/F/UTIL,3000,DEN@UTA 04/09/2019 09:00PM ET,DEN,0
PF/C,Jaren Jackson Jr. (12414094),Jaren Jackson Jr.,12414094,PF/C/F/UTIL,3000,MEM@DET 04/09/2019 07:00PM ET,MEM,25.54
C,Jonas Valanciunas (12414100),Jonas Valanciunas,12414100,C/UTIL,3000,MEM@DET 04/09/2019 07:00PM ET,MEM,31.06
SG/SF,Dillon Brooks (12414102),Dillon Brooks,12414102,SG/SF/F/G/UTIL,3000,MEM@DET 04/09/2019 07:00PM ET,MEM,12.43
SF/PF,Kyle Anderson (12414110),Kyle Anderson,12414110,SF/PF/F/UTIL,3000,MEM@DET 04/09/2019 07:00PM ET,MEM,23.61
SG/SF,C.J. Miles (12414114),C.J. Miles,12414114,SG/SF/F/G/UTIL,3000,MEM@DET 04/09/2019 07:00PM ET,MEM,11.77
PG,Kalin Lucas (12414131),Kalin Lucas,12414131,PG/G/UTIL,3000,MEM@DET 04/09/2019 07:00PM ET,DET,7.25
PG/SG,Isaiah Whitehead (12414142),Isaiah Whitehead,12414142,PG/SG/G/UTIL,3000,MEM@DET 04/09/2019 07:00PM ET,DET,0
PG/SF,Svi Mykhailiuk (12414146),Svi Mykhailiuk,12414146,PG/SF/F/G/UTIL,3000,MEM@DET 04/09/2019 07:00PM ET,DET,6.37
SF/PF,Glenn Robinson III (12414151),Glenn Robinson III,12414151,SF/PF/F/UTIL,3000,MEM@DET 04/09/2019 07:00PM ET,DET,7.34
PF/C,Jon Leuer (12414155),Jon Leuer,12414155,PF/C/F/UTIL,3000,MEM@DET 04/09/2019 07:00PM ET,DET,7.9
PG,Jose Calderon (12414159),Jose Calderon,12414159,PG/G/UTIL,3000,MEM@DET 04/09/2019 07:00PM ET,DET,8.62
SG,Khyri Thomas (12414162),Khyri Thomas,12414162,SG/G/UTIL,3000,MEM@DET 04/09/2019 07:00PM ET,DET,5
SG/SF,Furkan Korkmaz (12414076),Furkan Korkmaz,12414076,SG/SF/F/G/UTIL,3000,PHI@MIA 04/09/2019 07:30PM ET,PHI,11.9
PG/SG,Shake Milton (12414081),Shake Milton,12414081,PG/SG/G/UTIL,3000,PHI@MIA 04/09/2019 07:30PM ET,PHI,8.25
SG/SF,Haywood Highsmith (12414168),Haywood Highsmith,12414168,SG/SF/F/G/UTIL,3000,PHI@MIA 04/09/2019 07:30PM ET,PHI,4.08
PF/C,Ryan Anderson (12414371),Ryan Anderson,12414371,PF/C/F/UTIL,3000,PHI@MIA 04/09/2019 07:30PM ET,MIA,6.94
PF,Yante Maten (12414387),Yante Maten,12414387,PF/F/UTIL,3000,PHI@MIA 04/09/2019 07:30PM ET,MIA,0
PF,Udonis Haslem (12414400),Udonis Haslem,12414400,PF/F/UTIL,3000,PHI@MIA 04/09/2019 07:30PM ET,MIA,2.68
SF,Abdel Nader (12414181),Abdel Nader,12414181,SF/F/UTIL,3000,HOU@OKC 04/09/2019 09:30PM ET,OKC,7.62
SG/SF,Hamidou Diallo (12414203),Hamidou Diallo,12414203,SG/SF/F/G/UTIL,3000,HOU@OKC 04/09/2019 09:30PM ET,OKC,7.78
PG,Jawun Evans (12414211),Jawun Evans,12414211,PG/G/UTIL,3000,HOU@OKC 04/09/2019 09:30PM ET,OKC,5.57
SG,Deonte Burton (12414214),Deonte Burton,12414214,SG/G/UTIL,3000,HOU@OKC 04/09/2019 09:30PM ET,OKC,5.27
SG/SF,Andre Roberson (12414217),Andre Roberson,12414217,SG/SF/F/G/UTIL,3000,HOU@OKC 04/09/2019 09:30PM ET,OKC,0
PF/C,Patrick Patterson (12414227),Patrick Patterson,12414227,PF/C/F/UTIL,3000,HOU@OKC 04/09/2019 09:30PM ET,OKC,8.4
PG/SG,Raymond Felton (12414231),Raymond Felton,12414231,PG/SG/G/UTIL,3000,HOU@OKC 04/09/2019 09:30PM ET,OKC,8.73
SF/PF,Donte Grantham (12414237),Donte Grantham,12414237,SF/PF/F/UTIL,3000,HOU@OKC 04/09/2019 09:30PM ET,OKC,0
PF/C,Gary Clark (12414312),Gary Clark,12414312,PF/C/F/UTIL,3000,HOU@OKC 04/09/2019 09:30PM ET,HOU,8.41
PG/SF,Vincent Edwards (12414316),Vincent Edwards,12414316,PG/SF/F/G/UTIL,3000,HOU@OKC 04/09/2019 09:30PM ET,HOU,3
PG,Chris Chiozza (12414321),Chris Chiozza,12414321,PG/G/UTIL,3000,HOU@OKC 04/09/2019 09:30PM ET,HOU,3.07
PF/C,Isaiah Hartenstein (12414324),Isaiah Hartenstein,12414324,PF/C/F/UTIL,3000,HOU@OKC 04/09/2019 09:30PM ET,HOU,5.96
PG,Trevon Duval (12414328),Trevon Duval,12414328,PG/G/UTIL,3000,HOU@OKC 04/09/2019 09:30PM ET,HOU,4.88
PF/C,Jordan Bell (12414260),Jordan Bell,12414260,PF/C/F/UTIL,3000,GS@NO 04/09/2019 08:00PM ET,GS,9.8
C,Damian Jones (12414276),Damian Jones,12414276,C/UTIL,3000,GS@NO 04/09/2019 08:00PM ET,GS,13.82
SF,Marcus Derrickson (12414278),Marcus Derrickson,12414278,SF/F/UTIL,3000,GS@NO 04/09/2019 08:00PM ET,GS,4.72
SG/SF,Jacob Evans III (12414281),Jacob Evans III,12414281,SG/SF/F/G/UTIL,3000,GS@NO 04/09/2019 08:00PM ET,GS,2.83
SG,Dairis Bertans (12414384),Dairis Bertans,12414384,SG/G/UTIL,3000,GS@NO 04/09/2019 08:00PM ET,NO,5.75
SG/SF,Trevon Bluiett (12414390),Trevon Bluiett,12414390,SG/SF/F/G/UTIL,3000,GS@NO 04/09/2019 08:00PM ET,NO,0
SG/SF,George King (12414286),George King,12414286,SG/SF/F/G/UTIL,3000,PHO@DAL 04/09/2019 08:30PM ET,PHO,1.25
SG/SF,Kelly Oubre Jr. (12414291),Kelly Oubre Jr.,12414291,SG/SF/F/G/UTIL,3000,PHO@DAL 04/09/2019 08:30PM ET,PHO,27.13
PG/SG,J.J. Barea (12414354),J.J. Barea,12414354,PG/SG/G/UTIL,3000,PHO@DAL 04/09/2019 08:30PM ET,DAL,23.26
SF/PF,Kostas Antetokounmpo (12414367),Kostas Antetokounmpo,12414367,SF/PF/F/UTIL,3000,PHO@DAL 04/09/2019 08:30PM ET,DAL,3.38
PF/C,Kristaps Porzingis (12414375),Kristaps Porzingis,12414375,PF/C/F/UTIL,3000,PHO@DAL 04/09/2019 08:30PM ET,DAL,0
SG/SF,Tim Hardaway Jr. (12414379),Tim Hardaway Jr.,12414379,SG/SF/F/G/UTIL,3000,PHO@DAL 04/09/2019 08:30PM ET,DAL,28.39
