slug,name,positions,age,team,games_played,games_started,minutes_played,made_field_goals,attempted_field_goals,made_three_point_field_goals,attempted_three_point_field_goals,made_free_throws,attempted_free_throws,offensive_rebounds,defensive_rebounds,assists,steals,blocks,turnovers,personal_fouls
abrinal01,Alex Abrines,SHOOTING GUARD,25,OKLAHOMA CITY THUNDER,31,2,588,56,157,41,127,12,13,5,43,20,17,6,14,53
acyqu01,Quincy Acy,POWER FORWARD,28,PHOENIX SUNS,10,0,123,4,18,2,15,7,10,3,22,8,1,4,4,24
adamsja01,Jaylen Adams,POINT GUARD,22,ATLANTA HAWKS,31,0,370,32,96,23,69,6,8,11,40,57,9,4,22,40
adamsst01,Steven Adams,CENTER,25,OKLAHOMA CITY THUNDER,76,76,2569,466,779,0,2,142,284,371,354,122,116,73,130,192
adebaba01,Bam Adebayo,CENTER,21,MIAMI HEAT,78,25,1809,262,455,2,13,159,216,160,405,180,64,63,115,197
adelde01,Deng Adel,SMALL FORWARD,21,CLEVELAND CAVALIERS,16,3,185,10,34,5,21,2,2,2,15,5,1,4,5,12
akoonde01,DeVaughn Akoon-Purcell,SHOOTING GUARD,25,DENVER NUGGETS,7,0,22,3,10,0,4,1,2,1,3,6,2,0,2,4
aldrila01,LaMarcus Aldridge,CENTER,33,SAN ANTONIO SPURS,78,78,2594,653,1267,10,40,335,396,235,473,189,41,105,141,174
alkinra01,Rawle Alkins,SHOOTING GUARD,21,CHICAGO BULLS,7,0,68,8,25,2,9,5,7,9,10,9,1,0,5,4
allengr01,Grayson Allen,SHOOTING GUARD,23,UTAH JAZZ,34,1,321,44,127,24,79,29,42,1,13,18,4,4,23,36
allenja01,Jarrett Allen,CENTER,20,BROOKLYN NETS,77,77,2034,325,550,6,44,194,274,186,458,108,42,117,100,180
allenka01,Kadeem Allen,SHOOTING GUARD,26,NEW YORK KNICKS,18,1,387,62,131,15,33,37,46,8,38,68,14,3,26,45
aminual01,Al-Farouq Aminu,POWER FORWARD,28,PORTLAND TRAIL BLAZERS,78,78,2215,246,565,93,267,140,162,106,474,101,65,31,69,142
anderju01,Justin Anderson,SMALL FORWARD,25,ATLANTA HAWKS,45,3,405,59,142,20,67,20,29,24,53,19,19,13,20,41
anderky01,Kyle Anderson,SMALL FORWARD,25,MEMPHIS GRIZZLIES,43,40,1281,150,276,9,34,37,64,48,203,128,54,37,58,112
anderry01,Ryan Anderson,POWER FORWARD,30,PHOENIX SUNS,15,8,278,19,60,7,34,11,14,14,31,17,3,1,12,23
anderry01,Ryan Anderson,POWER FORWARD,30,MIAMI HEAT,9,0,43,2,9,2,6,1,2,4,5,2,1,0,2,2
anigbik01,Ike Anigbogu,CENTER,20,INDIANA PACERS,3,0,6,0,3,0,0,0,0,1,2,1,0,1,1,0
antetgi01,Giannis Antetokounmpo,POWER FORWARD,24,MILWAUKEE BUCKS,70,70,2299,698,1210,47,191,476,653,156,720,415,91,102,267,230
antetko01,Kostas Antetokounmpo,POWER FORWARD,21,DALLAS MAVERICKS,2,0,11,0,3,0,0,2,4,0,1,0,2,0,1,0
anthoca01,Carmelo Anthony,POWER FORWARD,34,HOUSTON ROCKETS,10,2,294,49,121,21,64,15,22,9,45,5,4,7,8,32
anunoog01,OG Anunoby,SMALL FORWARD,21,TORONTO RAPTORS,64,6,1301,178,390,66,195,34,60,56,134,44,44,22,51,137
arcidry01,Ryan Arcidiacono,POINT GUARD,24,CHICAGO BULLS,78,30,1881,176,392,78,208,79,91,25,180,258,62,4,61,165
arizatr01,Trevor Ariza,SMALL FORWARD,33,PHOENIX SUNS,26,26,884,86,227,50,139,36,43,16,129,87,38,8,39,44
arizatr01,Trevor Ariza,SMALL FORWARD,33,WASHINGTON WIZARDS,43,43,1465,208,509,95,295,94,121,34,192,165,53,13,67,86
augusdj01,D.J. Augustin,POINT GUARD,31,ORLANDO MAGIC,78,78,2179,302,644,126,300,176,203,40,149,405,49,4,120,110
aytonde01,Deandre Ayton,CENTER,20,PHOENIX SUNS,71,70,2183,509,870,0,4,141,189,223,506,125,61,67,126,209
bacondw01,Dwayne Bacon,SHOOTING GUARD,23,CHARLOTTE HORNETS,39,9,632,99,210,33,70,33,45,7,74,39,10,5,17,61
baglema01,Marvin Bagley,POWER FORWARD,19,SACRAMENTO KINGS,58,3,1455,329,641,26,84,172,247,150,278,59,32,57,91,114
bakerro01,Ron Baker,SHOOTING GUARD,25,NEW YORK KNICKS,11,0,107,4,16,1,9,5,6,1,6,13,5,0,3,16
bakerro01,Ron Baker,SHOOTING GUARD,25,WASHINGTON WIZARDS,4,0,45,0,4,0,4,0,0,0,4,2,1,1,2,2
baldwwa01,Wade Baldwin,POINT GUARD,22,PORTLAND TRAIL BLAZERS,16,0,94,10,33,2,9,8,11,2,13,12,1,2,14,11
balllo01,Lonzo Ball,POINT GUARD,21,LOS ANGELES LAKERS,47,45,1423,185,456,75,228,20,48,54,197,255,69,19,103,114
bambamo01,Mohamed Bamba,CENTER,20,ORLANDO MAGIC,47,1,766,117,243,21,70,37,63,64,169,39,13,64,43,102
bareajo01,J.J. Barea,POINT GUARD,34,DALLAS MAVERICKS,38,0,752,161,385,38,128,55,78,13,82,211,22,1,72,50
barneha02,Harrison Barnes,POWER FORWARD,26,DALLAS MAVERICKS,49,49,1584,290,717,121,311,165,198,36,171,62,33,11,68,79
barneha02,Harrison Barnes,SMALL FORWARD,26,SACRAMENTO KINGS,24,24,837,123,271,45,114,53,65,19,117,46,16,1,28,41
bartowi01,Will Barton,SHOOTING GUARD,28,DENVER NUGGETS,39,34,1090,176,431,65,184,54,69,31,150,115,17,20,62,79
bateske01,Keita Bates-Diop,SMALL FORWARD,23,MINNESOTA TIMBERWOLVES,26,3,417,49,116,11,43,15,24,12,52,13,14,12,9,25
batumni01,Nicolas Batum,SMALL FORWARD,30,CHARLOTTE HORNETS,71,69,2268,251,556,114,293,77,89,70,307,239,70,42,115,134
bayleje01,Jerryd Bayless,POINT GUARD,30,MINNESOTA TIMBERWOLVES,33,6,640,80,225,28,97,16,28,11,49,114,18,2,30,53
baynear01,Aron Baynes,CENTER,32,BOSTON CELTICS,49,16,780,98,211,20,59,53,62,83,142,52,11,32,39,122
bazemke01,Kent Bazemore,SHOOTING GUARD,29,ATLANTA HAWKS,65,35,1601,272,669,91,287,125,171,37,220,148,89,42,119,165
bealbr01,Bradley Beal,SHOOTING GUARD,25,WASHINGTON WIZARDS,79,79,2957,744,1562,203,580,354,439,87,314,434,120,58,221,224
beaslma01,Malik Beasley,SHOOTING GUARD,22,DENVER NUGGETS,77,18,1789,327,693,154,384,53,60,33,162,92,50,9,53,113
beaslmi01,Michael Beasley,POWER FORWARD,30,LOS ANGELES LAKERS,26,2,277,75,153,3,17,28,39,13,47,25,9,10,27,42
belinma01,Marco Belinelli,SHOOTING GUARD,32,SAN ANTONIO SPURS,77,1,1784,284,681,147,392,112,124,16,180,130,35,8,71,119
belljo01,Jordan Bell,CENTER,24,GOLDEN STATE WARRIORS,63,2,715,84,167,0,2,22,37,49,116,68,20,47,37,76
bembrde01,DeAndre' Bembry,SHOOTING GUARD,24,ATLANTA HAWKS,79,15,1859,260,584,50,169,79,126,49,289,194,100,41,136,178
bendedr01,Dragan Bender,POWER FORWARD,21,PHOENIX SUNS,43,24,716,73,164,20,90,22,36,28,126,44,16,14,32,77
bertada02,Dairis Bertans,SHOOTING GUARD,29,NEW ORLEANS PELICANS,9,0,106,9,31,7,24,0,0,2,4,6,1,0,2,5
bertada01,Davis Bertans,POWER FORWARD,26,SAN ANTONIO SPURS,73,12,1573,192,429,139,322,50,57,23,233,96,34,33,40,132
beverpa01,Patrick Beverley,POINT GUARD,30,LOS ANGELES CLIPPERS,77,48,2115,189,468,108,275,96,123,76,306,294,66,43,84,261
birchkh01,Khem Birch,CENTER,26,ORLANDO MAGIC,47,0,592,84,138,0,1,57,81,75,104,35,17,27,19,65
biyombi01,Bismack Biyombo,CENTER,26,CHARLOTTE HORNETS,50,28,710,83,144,0,0,53,81,75,152,28,11,41,30,96
bjeline01,Nemanja Bjelica,POWER FORWARD,30,SACRAMENTO KINGS,73,66,1704,268,560,96,239,64,85,124,315,142,52,56,82,189
blakean01,Antonio Blakeney,SHOOTING GUARD,22,CHICAGO BULLS,56,3,815,163,390,36,90,49,74,7,98,39,11,9,35,40
bledser01,Eric Bledsoe,POINT GUARD,29,MILWAUKEE BUCKS,75,75,2212,454,944,119,366,173,229,79,274,414,112,28,160,152
blossja01,Jaron Blossomgame,SMALL FORWARD,25,CLEVELAND CAVALIERS,27,4,439,47,106,10,39,10,13,26,72,13,7,8,11,20
bogdabo01,Bogdan Bogdanovic,SHOOTING GUARD,26,SACRAMENTO KINGS,66,17,1839,339,812,123,344,130,157,37,193,256,69,15,112,140
bogdabo02,Bojan Bogdanovic,SMALL FORWARD,29,INDIANA PACERS,79,79,2519,516,1032,162,379,243,301,33,293,157,68,1,132,137
bogutan01,Andrew Bogut,CENTER,34,GOLDEN STATE WARRIORS,8,3,88,14,28,0,0,3,3,8,31,10,1,4,3,14
boldejo01,Jonah Bolden,POWER FORWARD,23,PHILADELPHIA 76ERS,41,9,581,74,147,29,86,13,27,46,108,37,17,38,35,93
bongais01,Isaac Bonga,POINT GUARD,19,LOS ANGELES LAKERS,18,0,70,4,24,0,6,6,9,5,12,9,6,1,4,5
bookede01,Devin Booker,SHOOTING GUARD,22,PHOENIX SUNS,64,64,2242,586,1255,135,414,393,454,39,226,433,56,13,264,200
bouchch01,Chris Boucher,POWER FORWARD,26,TORONTO RAPTORS,27,0,139,27,66,11,34,13,15,15,28,0,6,22,5,29
bradlav01,Avery Bradley,SHOOTING GUARD,28,LOS ANGELES CLIPPERS,49,49,1463,161,420,58,172,20,25,35,96,96,27,16,61,133
bradlav01,Avery Bradley,SHOOTING GUARD,28,MEMPHIS GRIZZLIES,14,14,442,87,188,28,73,23,25,8,36,56,14,0,28,34
bradlto01,Tony Bradley,CENTER,21,UTAH JAZZ,1,0,9,0,3,0,0,0,0,2,1,0,0,0,1,1
breweco01,Corey Brewer,SMALL FORWARD,32,PHILADELPHIA 76ERS,7,3,140,20,49,4,14,9,13,4,13,10,12,2,8,16
breweco01,Corey Brewer,SMALL FORWARD,32,SACRAMENTO KINGS,20,0,286,31,66,10,29,22,30,16,33,23,12,5,7,40
bridgmi01,Mikal Bridges,SMALL FORWARD,22,PHOENIX SUNS,79,53,2294,229,533,102,303,86,108,54,199,167,125,37,70,196
bridgmi02,Miles Bridges,SMALL FORWARD,20,CHARLOTTE HORNETS,76,21,1562,216,473,59,184,53,71,61,241,78,51,42,48,110
briscis01,Isaiah Briscoe,POINT GUARD,22,ORLANDO MAGIC,39,0,559,55,138,11,34,15,26,5,69,87,11,2,31,66
broekry01,Ryan Broekhoff,SHOOTING GUARD,28,DALLAS MAVERICKS,38,0,384,51,109,34,81,11,13,5,48,19,4,4,11,30
brogdma01,Malcolm Brogdon,SHOOTING GUARD,26,MILWAUKEE BUCKS,64,64,1832,378,748,104,244,141,152,65,223,205,46,13,91,102
brookdi01,Dillon Brooks,SMALL FORWARD,23,MEMPHIS GRIZZLIES,18,0,330,49,122,15,40,22,30,9,22,16,10,4,19,50
brookma01,MarShon Brooks,SHOOTING GUARD,30,MEMPHIS GRIZZLIES,29,0,387,76,169,15,54,23,33,12,33,25,9,4,21,33
brownbr01,Bruce Brown,SHOOTING GUARD,22,DETROIT PISTONS,70,52,1361,116,299,24,91,38,53,43,129,85,35,35,45,168
brownja02,Jaylen Brown,SHOOTING GUARD,22,BOSTON CELTICS,72,24,1869,357,771,92,269,130,196,64,245,97,65,32,96,182
brownlo01,Lorenzo Brown,POINT GUARD,28,TORONTO RAPTORS,26,0,212,23,71,6,28,3,3,5,26,28,12,5,16,22
brownst02,Sterling Brown,SHOOTING GUARD,23,MILWAUKEE BUCKS,54,4,920,130,278,51,137,21,30,27,138,73,24,8,38,81
browntr01,Troy Brown,SMALL FORWARD,19,WASHINGTON WIZARDS,49,7,641,84,203,19,58,30,45,32,97,70,20,4,27,51
brunsja01,Jalen Brunson,POINT GUARD,22,DALLAS MAVERICKS,70,36,1508,252,536,62,173,80,110,25,135,208,36,4,83,120
bryanth01,Thomas Bryant,CENTER,21,WASHINGTON WIZARDS,69,50,1424,288,474,30,92,102,130,108,326,88,24,65,56,122
bullore01,Reggie Bullock,SHOOTING GUARD,27,DETROIT PISTONS,44,44,1355,182,441,114,294,56,64,20,103,109,24,5,54,79
bullore01,Reggie Bullock,SHOOTING GUARD,27,LOS ANGELES LAKERS,19,16,524,63,153,34,99,17,21,2,48,20,16,7,11,30
burketr01,Trey Burke,POINT GUARD,26,NEW YORK KNICKS,33,7,689,148,358,30,86,62,75,15,47,94,21,5,29,33
burketr01,Trey Burke,POINT GUARD,26,DALLAS MAVERICKS,21,0,354,72,157,20,56,30,37,12,21,53,10,2,19,18
burksal01,Alec Burks,SHOOTING GUARD,27,UTAH JAZZ,17,0,269,47,114,16,43,33,38,2,25,20,6,4,15,22
burksal01,Alec Burks,SHOOTING GUARD,27,CLEVELAND CAVALIERS,34,24,979,136,340,45,119,79,98,26,160,98,25,16,46,62
burksal01,Alec Burks,SHOOTING GUARD,27,SACRAMENTO KINGS,13,0,127,9,20,0,6,4,5,2,20,10,8,1,4,7
burtode02,Deonte Burton,SHOOTING GUARD,25,OKLAHOMA CITY THUNDER,30,0,238,33,82,8,27,7,10,4,24,9,6,8,9,31
butleji01,Jimmy Butler,SHOOTING GUARD,29,MINNESOTA TIMBERWOLVES,10,10,361,74,157,17,45,48,61,16,36,43,24,10,14,18
butleji01,Jimmy Butler,SMALL FORWARD,29,PHILADELPHIA 76ERS,54,54,1808,342,742,50,147,264,304,106,184,219,99,29,79,92
cabocbr01,Bruno Caboclo,SMALL FORWARD,23,MEMPHIS GRIZZLIES,30,15,674,75,179,37,104,37,45,36,92,38,12,29,30,70
caldejo01,Jose Calderon,POINT GUARD,37,DETROIT PISTONS,48,0,628,45,119,14,56,9,11,11,49,115,16,3,35,63
caldwke01,Kentavious Caldwell-Pope,SHOOTING GUARD,25,LOS ANGELES LAKERS,78,19,1888,289,659,138,389,126,143,44,175,89,68,13,59,131
canaais01,Isaiah Canaan,POINT GUARD,27,PHOENIX SUNS,19,15,503,51,129,25,72,15,20,5,44,62,12,0,29,46
canaais01,Isaiah Canaan,POINT GUARD,27,MINNESOTA TIMBERWOLVES,7,1,95,11,29,7,19,4,4,0,5,19,2,1,4,4
canaais01,Isaiah Canaan,POINT GUARD,27,MILWAUKEE BUCKS,4,0,31,2,6,2,5,0,0,1,3,3,0,1,2,2
capelca01,Clint Capela,CENTER,24,HOUSTON ROCKETS,64,64,2163,454,706,0,0,154,243,287,523,89,43,97,91,161
carrode01,DeMarre Carroll,POWER FORWARD,32,BROOKLYN NETS,65,6,1661,223,560,106,303,184,242,67,272,83,30,10,72,112
carteje01,Jevon Carter,POINT GUARD,23,MEMPHIS GRIZZLIES,35,3,495,37,149,18,77,19,24,11,43,62,25,11,30,49
cartevi01,Vince Carter,SMALL FORWARD,42,ATLANTA HAWKS,73,9,1266,192,448,120,301,41,59,30,155,84,43,23,45,134
cartewe01,Wendell Carter,CENTER,19,CHICAGO BULLS,44,44,1110,180,371,6,32,89,112,87,220,78,26,58,65,152
cartemi01,Michael Carter-Williams,POINT GUARD,27,HOUSTON ROCKETS,16,1,145,25,61,7,19,12,26,3,10,21,9,6,10,27
cartemi01,Michael Carter-Williams,POINT GUARD,27,ORLANDO MAGIC,9,0,168,17,49,3,16,12,17,12,31,33,5,9,6,15
carusal01,Alex Caruso,POINT GUARD,24,LOS ANGELES LAKERS,21,0,372,50,104,18,35,40,51,14,31,42,19,7,24,44
casspom01,Omri Casspi,SMALL FORWARD,30,MEMPHIS GRIZZLIES,36,0,520,86,161,15,43,39,58,17,98,26,20,9,23,35
caulewi01,Willie Cauley-Stein,CENTER,25,SACRAMENTO KINGS,78,78,2145,402,727,1,2,135,248,175,482,190,93,49,84,221
caupatr01,Troy Caupain,POINT GUARD,23,ORLANDO MAGIC,4,0,16,4,8,2,3,0,0,1,2,4,1,0,0,0
cavanty01,Tyler Cavanaugh,POWER FORWARD,24,UTAH JAZZ,8,0,19,2,6,0,3,2,2,1,3,0,0,0,1,0
chandty01,Tyson Chandler,CENTER,36,PHOENIX SUNS,7,0,89,8,12,0,0,10,18,7,32,6,2,1,7,21
chandty01,Tyson Chandler,CENTER,36,LOS ANGELES LAKERS,48,6,786,53,87,0,1,41,69,85,183,31,19,22,35,89
chandwi01,Wilson Chandler,POWER FORWARD,31,PHILADELPHIA 76ERS,36,32,951,91,207,46,118,13,18,44,124,72,22,18,39,94
chandwi01,Wilson Chandler,SMALL FORWARD,31,LOS ANGELES CLIPPERS,12,0,168,17,47,10,30,2,3,3,33,7,3,2,5,22
chealjo01,Joe Chealey,POINT GUARD,23,CHARLOTTE HORNETS,1,0,8,1,3,0,0,0,0,0,0,1,0,0,0,1
chiozch01,Chris Chiozza,POINT GUARD,23,HOUSTON ROCKETS,5,0,20,1,3,1,1,0,0,1,2,2,1,0,1,1
chrisma01,Marquese Chriss,POWER FORWARD,21,HOUSTON ROCKETS,16,0,104,11,34,1,15,6,7,7,21,6,2,4,12,17
chrisma01,Marquese Chriss,POWER FORWARD,21,CLEVELAND CAVALIERS,23,2,346,49,125,15,52,22,32,29,69,15,11,7,22,59
clarkga01,Gary Clark,POWER FORWARD,24,HOUSTON ROCKETS,49,2,620,47,143,38,130,7,7,21,89,18,19,26,7,45
clarkia01,Ian Clark,SHOOTING GUARD,27,NEW ORLEANS PELICANS,57,3,859,123,323,52,170,28,31,11,69,83,17,5,55,86
clarkjo01,Jordan Clarkson,SHOOTING GUARD,26,CLEVELAND CAVALIERS,77,0,2102,508,1131,138,426,160,189,80,184,186,56,13,128,109
collijo01,John Collins,POWER FORWARD,21,ATLANTA HAWKS,59,57,1759,449,798,54,151,196,257,206,358,114,21,38,113,192
colliza01,Zach Collins,CENTER,21,PORTLAND TRAIL BLAZERS,73,0,1295,180,381,38,116,91,122,102,206,68,24,61,71,168
collida01,Darren Collison,POINT GUARD,31,INDIANA PACERS,74,74,2104,305,644,79,189,154,186,36,193,449,107,9,122,133
colsobo01,Bonzie Colson,SMALL FORWARD,23,MILWAUKEE BUCKS,6,1,49,6,22,2,11,4,4,6,13,3,1,1,1,3
conlemi01,Mike Conley,POINT GUARD,31,MEMPHIS GRIZZLIES,70,70,2342,490,1120,155,426,343,406,40,199,449,94,22,130,123
connapa01,Pat Connaughton,SHOOTING GUARD,26,MILWAUKEE BUCKS,57,2,1157,148,322,61,186,27,37,54,181,113,29,24,29,73
cookqu01,Quinn Cook,POINT GUARD,25,GOLDEN STATE WARRIORS,69,9,952,175,387,71,179,17,22,21,127,104,19,3,44,79
couside01,DeMarcus Cousins,CENTER,28,GOLDEN STATE WARRIORS,27,27,689,158,321,20,76,98,131,40,176,96,35,43,65,102
covinro01,Robert Covington,SMALL FORWARD,28,PHILADELPHIA 76ERS,13,13,440,50,117,30,77,17,23,7,60,14,24,23,22,45
covinro01,Robert Covington,SMALL FORWARD,28,MINNESOTA TIMBERWOLVES,22,22,763,106,245,55,148,51,66,21,105,32,50,24,25,81
crabbal01,Allen Crabbe,SHOOTING GUARD,26,BROOKLYN NETS,43,20,1133,137,373,98,259,41,56,16,132,46,23,13,46,102
craigto01,Torrey Craig,SMALL FORWARD,28,DENVER NUGGETS,71,37,1419,148,343,54,176,42,62,83,166,66,37,45,43,163
crawfja01,Jamal Crawford,SHOOTING GUARD,38,PHOENIX SUNS,61,0,1111,138,370,52,172,74,90,8,66,211,28,11,90,71
creekmi01,Mitch Creek,SMALL FORWARD,26,BROOKLYN NETS,4,0,36,5,10,0,1,5,7,5,5,5,1,0,0,3
crowdja01,Jae Crowder,SMALL FORWARD,28,UTAH JAZZ,76,9,2086,305,763,166,501,133,187,59,306,127,64,28,82,164
cunnida01,Dante Cunningham,POWER FORWARD,31,SAN ANTONIO SPURS,62,21,907,75,155,30,64,14,18,48,138,49,26,13,21,69
curryse01,Seth Curry,SHOOTING GUARD,28,PORTLAND TRAIL BLAZERS,72,2,1349,200,443,107,239,44,52,27,89,65,33,11,58,96
curryst01,Stephen Curry,POINT GUARD,30,GOLDEN STATE WARRIORS,65,65,2227,604,1281,340,777,254,278,43,304,342,90,23,184,161
danietr01,Troy Daniels,SHOOTING GUARD,27,PHOENIX SUNS,48,1,700,107,255,69,179,18,23,12,56,25,23,5,27,72
davisan02,Anthony Davis,CENTER,25,NEW ORLEANS PELICANS,56,56,1850,530,1026,48,145,344,433,174,498,218,88,135,112,132
davisde01,Deyonta Davis,CENTER,22,ATLANTA HAWKS,6,0,86,10,17,0,1,3,4,7,20,4,3,4,3,11
davised01,Ed Davis,CENTER,29,BROOKLYN NETS,78,1,1403,178,292,0,2,96,155,210,466,61,34,33,64,226
davisty01,Tyler Davis,CENTER,21,OKLAHOMA CITY THUNDER,1,0,1,0,1,0,0,0,0,1,0,0,0,0,0,0
dedmode01,Dewayne Dedmon,CENTER,29,ATLANTA HAWKS,64,52,1609,259,526,83,217,92,113,105,375,90,69,71,84,214
dekkesa01,Sam Dekker,POWER FORWARD,24,CLEVELAND CAVALIERS,9,5,169,22,48,5,13,8,10,9,24,9,11,0,5,13
dekkesa01,Sam Dekker,POWER FORWARD,24,WASHINGTON WIZARDS,35,0,550,92,184,11,38,20,36,37,66,34,23,7,17,29
delgaan01,Angel Delgado,CENTER,24,LOS ANGELES CLIPPERS,2,0,15,1,5,0,0,1,2,2,2,0,1,0,0,2
dellama01,Matthew Dellavedova,POINT GUARD,28,MILWAUKEE BUCKS,12,0,97,6,19,4,11,4,4,0,10,29,2,0,11,9
dellama01,Matthew Dellavedova,POINT GUARD,28,CLEVELAND CAVALIERS,36,0,715,92,223,40,119,38,48,6,61,152,12,2,57,66
denglu01,Luol Deng,SMALL FORWARD,33,MINNESOTA TIMBERWOLVES,22,2,392,59,118,14,44,25,35,20,53,18,15,8,14,24
derozde01,DeMar DeRozan,SHOOTING GUARD,29,SAN ANTONIO SPURS,74,74,2595,612,1275,7,44,355,428,51,398,458,82,36,191,172
derrima01,Marcus Derrickson,POWER FORWARD,22,GOLDEN STATE WARRIORS,9,0,54,10,24,5,14,3,4,5,3,1,0,1,3,9
diallch01,Cheick Diallo,POWER FORWARD,22,NEW ORLEANS PELICANS,61,1,819,153,250,0,3,50,67,70,234,26,28,33,46,105
diallha01,Hamidou Diallo,SHOOTING GUARD,20,OKLAHOMA CITY THUNDER,50,3,525,75,165,4,24,36,59,38,59,17,20,10,23,77
dienggo01,Gorgui Dieng,CENTER,29,MINNESOTA TIMBERWOLVES,72,0,931,164,325,16,49,78,94,72,213,62,43,38,49,122
dinwisp01,Spencer Dinwiddie,POINT GUARD,25,BROOKLYN NETS,65,4,1834,357,805,120,353,279,348,25,136,299,39,17,146,179
divindo01,Donte DiVincenzo,SHOOTING GUARD,22,MILWAUKEE BUCKS,27,0,411,50,124,22,83,9,12,16,49,31,13,6,19,38
doncilu01,Luka Doncic,SHOOTING GUARD,19,DALLAS MAVERICKS,71,71,2286,500,1172,166,509,339,477,83,464,418,74,25,243,136
dorsety01,Tyler Dorsey,SHOOTING GUARD,22,ATLANTA HAWKS,27,0,251,32,89,10,39,16,26,9,34,17,7,1,10,20
dorsety01,Tyler Dorsey,SHOOTING GUARD,22,MEMPHIS GRIZZLIES,17,7,327,51,121,25,65,17,29,12,38,29,6,1,10,28
dotsoda01,Damyean Dotson,SHOOTING GUARD,24,NEW YORK KNICKS,69,36,1874,278,658,120,322,73,98,34,215,122,58,9,66,133
doziepj01,PJ Dozier,SHOOTING GUARD,22,BOSTON CELTICS,5,0,14,3,7,1,2,0,0,2,4,0,0,0,0,1
dragigo01,Goran Dragic,POINT GUARD,32,MIAMI HEAT,32,18,873,167,395,54,153,76,96,13,81,146,23,5,65,75
drumman01,Andre Drummond,CENTER,25,DETROIT PISTONS,75,75,2512,537,1011,5,38,232,393,400,765,107,128,127,162,257
dudleja01,Jared Dudley,POWER FORWARD,33,BROOKLYN NETS,57,25,1170,95,225,49,141,26,40,30,115,78,33,15,41,127
dunnkr01,Kris Dunn,POINT GUARD,24,CHICAGO BULLS,46,44,1389,215,506,34,96,55,69,19,168,277,68,21,104,166
duranke01,Kevin Durant,POWER FORWARD,30,GOLDEN STATE WARRIORS,74,74,2590,696,1345,132,377,436,493,33,449,428,55,82,216,148
duvaltr01,Trevon Duval,POINT GUARD,20,MILWAUKEE BUCKS,3,0,6,2,3,1,1,0,0,0,1,2,0,0,0,0
edwarvi01,Vince Edwards,SMALL FORWARD,22,HOUSTON ROCKETS,2,0,16,1,4,1,4,0,0,1,1,0,0,0,0,0
ellenhe01,Henry Ellenson,POWER FORWARD,22,DETROIT PISTONS,2,0,25,4,10,2,4,2,2,0,9,1,0,0,0,2
ellenhe01,Henry Ellenson,POWER FORWARD,22,NEW YORK KNICKS,13,0,158,20,58,9,25,10,13,4,34,13,7,0,7,14
ellinwa01,Wayne Ellington,SHOOTING GUARD,31,MIAMI HEAT,25,12,533,69,184,57,155,14,16,6,41,29,24,3,14,40
ellinwa01,Wayne Ellington,SHOOTING GUARD,31,DETROIT PISTONS,24,22,645,103,232,72,185,17,25,6,43,34,25,3,22,45
embiijo01,Joel Embiid,CENTER,24,PHILADELPHIA 76ERS,62,62,2090,559,1152,76,251,513,633,156,692,216,44,116,221,206
ennisja01,James Ennis,SMALL FORWARD,28,HOUSTON ROCKETS,40,25,949,104,211,44,120,42,58,37,80,27,38,16,23,111
ennisja01,James Ennis,SMALL FORWARD,28,PHILADELPHIA 76ERS,18,2,281,34,83,11,36,16,23,23,42,14,3,7,11,39
eubandr01,Drew Eubanks,POWER FORWARD,21,SAN ANTONIO SPURS,21,0,107,14,24,0,0,11,13,5,28,7,2,4,7,10
evansja02,Jacob Evans,SHOOTING GUARD,21,GOLDEN STATE WARRIORS,27,0,134,10,33,1,8,0,1,4,12,16,1,1,7,21
evansja01,Jawun Evans,POINT GUARD,22,PHOENIX SUNS,7,0,64,3,13,0,2,0,0,1,11,10,3,0,6,8
evansty01,Tyreke Evans,SHOOTING GUARD,29,INDIANA PACERS,67,17,1351,244,637,71,207,108,149,32,160,160,58,18,114,111
exumda01,Dante Exum,POINT GUARD,23,UTAH JAZZ,42,1,664,101,241,18,62,68,86,16,52,110,14,5,52,69
farieke01,Kenneth Faried,CENTER,29,BROOKLYN NETS,12,0,118,25,42,1,5,10,16,15,29,2,2,4,6,8
farieke01,Kenneth Faried,CENTER,29,HOUSTON ROCKETS,23,13,578,122,206,7,19,52,80,79,119,18,14,18,26,72
favorde01,Derrick Favors,CENTER,27,UTAH JAZZ,75,69,1744,356,607,17,77,152,225,204,349,88,55,106,81,160
feliccr01,Cristiano Felicio,CENTER,26,CHICAGO BULLS,57,0,684,91,167,0,4,47,66,74,128,33,10,7,31,61
feltora01,Raymond Felton,POINT GUARD,34,OKLAHOMA CITY THUNDER,29,0,324,47,118,12,49,12,13,4,23,42,9,6,13,25
fergute01,Terrance Ferguson,SHOOTING GUARD,20,OKLAHOMA CITY THUNDER,70,70,1818,170,405,98,272,35,48,30,94,64,40,16,41,218
ferreyo01,Yogi Ferrell,POINT GUARD,25,SACRAMENTO KINGS,67,3,969,137,319,49,136,54,61,12,92,124,33,4,38,56
finnedo01,Dorian Finney-Smith,SMALL FORWARD,25,DALLAS MAVERICKS,77,26,1882,211,484,75,235,69,99,126,234,85,68,36,69,176
forbebr01,Bryn Forbes,SHOOTING GUARD,25,SAN ANTONIO SPURS,79,78,2205,347,762,166,396,67,76,17,211,165,44,4,79,154
fournev01,Evan Fournier,SHOOTING GUARD,26,ORLANDO MAGIC,78,78,2459,443,1024,149,437,128,158,38,209,288,69,12,150,221
foxde01,De'Aaron Fox,POINT GUARD,21,SACRAMENTO KINGS,77,77,2452,479,1055,83,225,297,410,41,252,559,127,44,222,198
frazime01,Melvin Frazier,SHOOTING GUARD,22,ORLANDO MAGIC,9,0,40,6,18,0,4,1,2,3,2,1,1,0,1,6
fraziti01,Tim Frazier,POINT GUARD,28,NEW ORLEANS PELICANS,47,17,909,88,195,27,77,32,41,32,105,206,25,4,60,93
fraziti01,Tim Frazier,POINT GUARD,28,MILWAUKEE BUCKS,8,1,110,10,30,4,15,3,4,6,8,25,2,0,8,10
fredeji01,Jimmer Fredette,SHOOTING GUARD,29,PHOENIX SUNS,4,0,46,8,25,0,10,6,6,0,4,3,3,0,4,5
fryech01,Channing Frye,CENTER,35,CLEVELAND CAVALIERS,34,5,318,38,105,29,72,9,12,4,44,19,6,5,10,42
fultzma01,Markelle Fultz,SHOOTING GUARD,20,PHILADELPHIA 76ERS,19,15,427,65,155,4,14,21,37,26,44,59,17,5,25,52
gallida01,Danilo Gallinari,SMALL FORWARD,30,LOS ANGELES CLIPPERS,66,66,2002,396,855,158,365,356,393,52,355,165,45,21,96,126
gallola01,Langston Galloway,SHOOTING GUARD,27,DETROIT PISTONS,76,4,1658,218,554,131,360,77,92,45,116,82,35,7,24,130
garrebi01,Billy Garrett,GUARD,24,NEW YORK KNICKS,1,0,12,2,6,0,2,0,0,0,0,2,0,0,0,0
gasolma01,Marc Gasol,CENTER,34,MEMPHIS GRIZZLIES,53,53,1788,303,683,76,221,152,201,56,399,248,60,63,119,147
gasolma01,Marc Gasol,CENTER,34,TORONTO RAPTORS,23,16,564,81,176,20,47,32,41,21,129,91,23,22,33,62
gasolpa01,Pau Gasol,CENTER,38,SAN ANTONIO SPURS,27,6,330,41,88,5,10,27,38,22,105,50,5,14,14,28
gasolpa01,Pau Gasol,CENTER,38,MILWAUKEE BUCKS,3,0,30,1,6,1,3,1,2,0,10,2,0,1,2,1
gayru01,Rudy Gay,POWER FORWARD,32,SAN ANTONIO SPURS,66,51,1770,363,721,73,179,114,139,62,386,174,52,34,105,152
georgpa01,Paul George,SMALL FORWARD,28,OKLAHOMA CITY THUNDER,74,74,2725,679,1543,280,723,437,523,101,503,305,161,34,199,204
gibsota01,Taj Gibson,POWER FORWARD,33,MINNESOTA TIMBERWOLVES,70,57,1686,304,537,11,34,134,177,172,286,84,53,39,73,186
gilesha01,Harry Giles,POWER FORWARD,20,SACRAMENTO KINGS,58,0,820,175,348,0,6,58,91,66,156,85,31,22,73,150
gilgesh01,Shai Gilgeous-Alexander,POINT GUARD,20,LOS ANGELES CLIPPERS,79,70,2084,323,681,51,134,152,190,55,166,258,92,44,139,168
goberru01,Rudy Gobert,CENTER,26,UTAH JAZZ,78,77,2477,455,679,0,0,316,497,298,712,157,62,179,126,222
goodwbr01,Brandon Goodwin,POINT GUARD,23,DENVER NUGGETS,16,0,57,6,23,2,6,9,11,1,2,14,0,0,3,7
gordoaa01,Aaron Gordon,POWER FORWARD,23,ORLANDO MAGIC,75,75,2531,449,1009,118,337,179,247,124,425,277,55,53,152,166
gordoer01,Eric Gordon,SHOOTING GUARD,30,HOUSTON ROCKETS,65,50,2084,368,903,203,570,117,150,17,127,125,38,26,88,141
gortama01,Marcin Gortat,CENTER,34,LOS ANGELES CLIPPERS,47,43,751,99,186,0,0,35,48,67,194,65,6,24,50,92
grahade01,Devonte' Graham,POINT GUARD,23,CHARLOTTE HORNETS,42,3,609,68,195,32,112,33,44,8,46,113,22,2,27,46
grahatr01,Treveon Graham,SHOOTING GUARD,25,BROOKLYN NETS,32,20,646,54,161,29,106,18,22,19,76,30,12,7,15,64
grantje01,Jerami Grant,POWER FORWARD,24,OKLAHOMA CITY THUNDER,76,73,2469,382,770,104,268,150,211,89,306,77,60,97,64,206
grantje02,Jerian Grant,POINT GUARD,26,ORLANDO MAGIC,59,1,934,90,217,38,107,26,40,19,79,154,44,6,51,77
grantdo01,Donte Grantham,SMALL FORWARD,23,OKLAHOMA CITY THUNDER,3,0,2,0,2,0,2,0,0,0,0,0,0,0,0,0
greenda02,Danny Green,SHOOTING GUARD,31,TORONTO RAPTORS,77,77,2137,281,606,190,420,33,40,59,250,120,71,50,73,167
greendr01,Draymond Green,POWER FORWARD,28,GOLDEN STATE WARRIORS,62,62,1952,171,389,42,154,60,88,56,397,432,88,64,159,190
greenge01,Gerald Green,SHOOTING GUARD,33,HOUSTON ROCKETS,70,0,1427,222,554,148,420,57,68,29,148,39,32,27,55,122
greenja01,JaMychal Green,POWER FORWARD,28,MEMPHIS GRIZZLIES,41,4,900,151,312,38,96,63,80,72,180,36,33,26,64,123
greenja01,JaMychal Green,POWER FORWARD,28,LOS ANGELES CLIPPERS,23,2,445,75,155,30,75,15,18,32,123,13,12,7,22,65
greenje02,Jeff Green,POWER FORWARD,32,WASHINGTON WIZARDS,74,44,2034,311,654,110,307,175,196,56,243,133,42,37,97,159
griffbl01,Blake Griffin,POWER FORWARD,29,DETROIT PISTONS,72,72,2536,601,1298,177,495,396,529,99,453,394,49,27,248,194
hamilda02,Daniel Hamilton,SHOOTING GUARD,23,ATLANTA HAWKS,19,3,204,23,60,8,23,3,6,10,37,22,6,1,16,19
hannadu01,Dusty Hannahs,SHOOTING GUARD,25,MEMPHIS GRIZZLIES,2,0,26,3,12,0,5,2,2,0,1,5,1,0,1,1
hardati02,Tim Hardaway,SHOOTING GUARD,26,NEW YORK KNICKS,46,46,1499,282,726,117,337,199,233,26,135,122,42,6,81,106
hardati02,Tim Hardaway,SHOOTING GUARD,26,DALLAS MAVERICKS,19,17,558,108,267,45,140,33,43,7,54,37,12,2,24,35
hardeja01,James Harden,POINT GUARD,29,HOUSTON ROCKETS,75,75,2772,814,1846,363,994,732,833,64,422,566,154,56,374,235
harklma01,Maurice Harkless,SMALL FORWARD,25,PORTLAND TRAIL BLAZERS,57,50,1331,174,365,31,114,42,65,72,179,72,67,49,41,153
harremo01,Montrezl Harrell,CENTER,25,LOS ANGELES CLIPPERS,79,4,2077,527,855,3,17,255,396,179,339,150,69,107,127,247
harride01,Devin Harris,POINT GUARD,35,DALLAS MAVERICKS,64,0,972,121,314,57,181,95,125,11,89,108,35,12,50,125
harriga01,Gary Harris,SHOOTING GUARD,24,DENVER NUGGETS,53,44,1527,249,590,80,229,106,132,39,115,123,49,18,64,104
harrijo01,Joe Harris,SHOOTING GUARD,27,BROOKLYN NETS,74,74,2229,362,721,176,373,108,130,49,232,178,36,17,117,180
harrito02,Tobias Harris,POWER FORWARD,26,LOS ANGELES CLIPPERS,55,55,1903,424,855,112,258,192,219,37,395,150,40,24,109,123
harrito02,Tobias Harris,POWER FORWARD,26,PHILADELPHIA 76ERS,24,24,862,172,354,43,124,70,82,29,160,69,11,12,37,56
harrian01,Andrew Harrison,POINT GUARD,24,MEMPHIS GRIZZLIES,1,0,5,1,2,0,1,0,0,0,0,0,0,0,0,1
harrian01,Andrew Harrison,POINT GUARD,24,CLEVELAND CAVALIERS,10,0,144,12,39,3,14,16,16,4,11,17,4,2,10,26
harrian01,Andrew Harrison,POINT GUARD,24,NEW ORLEANS PELICANS,6,0,38,3,12,2,10,1,2,2,3,7,0,0,2,7
harrish01,Shaquille Harrison,POINT GUARD,25,CHICAGO BULLS,70,8,1359,171,398,21,83,79,119,33,179,134,87,26,57,121
hartjo01,Josh Hart,SHOOTING GUARD,23,LOS ANGELES LAKERS,67,22,1715,189,464,92,274,55,80,35,213,93,64,40,58,147
harteis01,Isaiah Hartenstein,POWER FORWARD,20,HOUSTON ROCKETS,28,0,221,20,41,2,6,11,14,21,26,15,7,12,13,56
hasleud01,Udonis Haslem,CENTER,38,MIAMI HEAT,8,0,35,3,9,0,4,0,0,1,11,0,0,0,2,4
haywago01,Gordon Hayward,POWER FORWARD,28,BOSTON CELTICS,70,18,1800,279,612,77,229,153,184,51,262,238,60,23,103,103
hensojo01,John Henson,CENTER,28,MILWAUKEE BUCKS,14,0,188,31,67,11,31,6,10,16,55,14,7,11,12,16
hernaju01,Juan Hernangomez,POWER FORWARD,23,DENVER NUGGETS,68,25,1325,135,308,65,179,66,86,63,196,51,26,24,37,89
hernawi01,Willy Hernangomez,CENTER,24,CHARLOTTE HORNETS,56,3,806,153,292,15,38,100,144,117,192,59,16,20,57,97
hezonma01,Mario Hezonja,SMALL FORWARD,23,NEW YORK KNICKS,55,21,1108,173,429,39,142,80,104,25,189,68,51,8,73,102
hicksis01,Isaiah Hicks,POWER FORWARD,24,NEW YORK KNICKS,1,0,4,0,0,0,0,1,2,0,0,1,0,0,0,0
hieldbu01,Buddy Hield,SHOOTING GUARD,26,SACRAMENTO KINGS,78,78,2511,599,1306,265,618,171,193,102,297,195,53,32,141,195
highsha01,Haywood Highsmith,SMALL FORWARD,22,PHILADELPHIA 76ERS,3,0,15,2,5,1,3,0,0,0,3,2,0,0,0,1
hilarne01,Nene Hilario,CENTER,36,HOUSTON ROCKETS,40,2,520,56,107,0,2,29,45,32,86,22,18,14,10,82
hillge01,George Hill,POINT GUARD,32,CLEVELAND CAVALIERS,13,13,344,55,107,13,28,17,20,12,15,36,12,1,20,35
hillge01,George Hill,POINT GUARD,32,MILWAUKEE BUCKS,43,0,862,100,235,29,108,42,50,25,83,89,38,7,27,61
hillso01,Solomon Hill,SMALL FORWARD,27,NEW ORLEANS PELICANS,41,15,801,59,151,28,87,22,31,33,88,50,22,9,27,71
holidaa01,Aaron Holiday,POINT GUARD,22,INDIANA PACERS,47,0,576,94,236,38,114,38,45,4,59,77,19,13,34,61
holidjr01,Jrue Holiday,SHOOTING GUARD,28,NEW ORLEANS PELICANS,67,67,2402,547,1159,118,363,208,271,75,259,518,109,54,210,148
holidju01,Justin Holiday,SHOOTING GUARD,29,CHICAGO BULLS,38,38,1325,151,394,97,270,41,46,19,150,85,67,21,47,79
holidju01,Justin Holiday,SHOOTING GUARD,29,MEMPHIS GRIZZLIES,40,35,1144,121,326,49,163,46,51,25,115,54,49,12,51,76
hollajo02,John Holland,SMALL FORWARD,30,CLEVELAND CAVALIERS,1,0,1,0,0,0,0,0,0,0,0,0,0,0,0,0
holliro01,Rondae Hollis-Jefferson,SMALL FORWARD,24,BROOKLYN NETS,58,21,1208,195,469,9,47,118,183,78,220,93,41,26,65,106
holmeri01,Richaun Holmes,CENTER,25,PHOENIX SUNS,70,4,1184,222,365,0,0,128,175,115,216,60,42,79,52,194
hoodro01,Rodney Hood,SHOOTING GUARD,26,CLEVELAND CAVALIERS,45,45,1234,194,454,55,152,104,114,18,94,92,38,5,36,101
hoodro01,Rodney Hood,SHOOTING GUARD,26,PORTLAND TRAIL BLAZERS,24,3,578,86,192,27,76,31,38,6,32,29,18,6,15,40
horfoal01,Al Horford,CENTER,32,BOSTON CELTICS,66,66,1920,375,703,71,200,75,91,120,327,274,56,85,98,124
houseda01,Danuel House,SMALL FORWARD,25,HOUSTON ROCKETS,36,13,922,112,239,71,169,56,71,25,104,38,18,10,35,72
howardw01,Dwight Howard,CENTER,33,WASHINGTON WIZARDS,9,9,230,43,69,0,0,29,48,24,59,4,7,4,16,34
huertke01,Kevin Huerter,SHOOTING GUARD,20,ATLANTA HAWKS,73,57,1993,265,639,130,344,41,56,58,178,205,64,24,105,148
humphis01,Isaac Humphries,CENTER,21,ATLANTA HAWKS,2,0,23,2,11,0,4,0,0,2,3,0,1,0,0,3
hutchch01,Chandler Hutchison,SMALL FORWARD,22,CHICAGO BULLS,44,14,895,96,209,14,50,23,38,31,154,34,23,6,25,59
ibakase01,Serge Ibaka,CENTER,29,TORONTO RAPTORS,72,51,1970,448,848,49,167,135,177,151,433,98,29,98,111,208
iguodan01,Andre Iguodala,SMALL FORWARD,35,GOLDEN STATE WARRIORS,67,13,1556,149,292,47,138,39,67,47,204,211,61,51,51,95
ilyaser01,Ersan Ilyasova,POWER FORWARD,31,MILWAUKEE BUCKS,63,6,1144,160,356,56,148,55,66,93,188,51,31,20,45,159
inglejo01,Joe Ingles,POWER FORWARD,31,UTAH JAZZ,78,78,2456,345,768,178,456,82,115,32,282,439,93,20,182,174
ingraan01,Andre Ingram,SHOOTING GUARD,33,LOS ANGELES LAKERS,4,0,15,0,6,0,3,0,0,1,1,0,1,0,1,0
ingrabr01,Brandon Ingram,SMALL FORWARD,21,LOS ANGELES LAKERS,52,52,1760,362,729,31,94,195,289,41,226,154,28,31,129,149
irvinky01,Kyrie Irving,POINT GUARD,26,BOSTON CELTICS,65,65,2152,588,1208,169,425,211,242,70,257,452,102,33,169,163
isaacjo01,Jonathan Isaac,POWER FORWARD,21,ORLANDO MAGIC,73,62,1951,254,598,82,258,106,130,98,304,78,57,96,75,139
iwundwe01,Wesley Iwundu,SMALL FORWARD,24,ORLANDO MAGIC,65,12,1173,106,258,26,73,83,102,37,142,67,26,20,43,119
jacksde01,Demetrius Jackson,POINT GUARD,24,PHILADELPHIA 76ERS,6,0,39,8,15,2,6,4,4,2,1,5,2,0,1,4
jacksfr01,Frank Jackson,POINT GUARD,20,NEW ORLEANS PELICANS,61,16,1169,194,447,53,169,54,73,25,109,69,25,2,48,92
jacksja02,Jaren Jackson,POWER FORWARD,19,MEMPHIS GRIZZLIES,58,56,1515,298,589,51,142,151,197,73,199,64,52,82,98,220
jacksjo02,Josh Jackson,SHOOTING GUARD,21,PHOENIX SUNS,76,26,1869,321,780,65,205,139,206,63,258,172,70,54,169,200
jacksju01,Justin Jackson,SMALL FORWARD,23,SACRAMENTO KINGS,52,3,1083,125,295,55,159,41,50,25,121,68,23,13,22,67
jacksju01,Justin Jackson,SMALL FORWARD,23,DALLAS MAVERICKS,25,7,424,69,150,23,69,17,25,14,43,22,7,1,5,25
jacksre01,Reggie Jackson,POINT GUARD,28,DETROIT PISTONS,78,78,2192,423,994,165,447,197,228,43,163,326,53,8,142,199
jamesle01,LeBron James,SMALL FORWARD,34,LOS ANGELES LAKERS,55,55,1937,558,1095,111,327,278,418,57,408,454,72,33,197,94
jeffeam01,Amile Jefferson,POWER FORWARD,25,ORLANDO MAGIC,10,0,39,5,9,0,0,7,8,4,10,2,2,3,0,5
jenkijo01,John Jenkins,SHOOTING GUARD,27,WASHINGTON WIZARDS,4,0,14,2,2,2,2,0,0,0,1,1,0,0,0,0
jenkijo01,John Jenkins,SHOOTING GUARD,27,NEW YORK KNICKS,18,0,224,26,77,11,40,11,13,3,17,12,0,2,5,3
jerebjo01,Jonas Jerebko,POWER FORWARD,31,GOLDEN STATE WARRIORS,68,6,1139,152,327,64,174,64,80,69,208,88,23,16,39,126
johnsal02,Alize Johnson,POWER FORWARD,22,INDIANA PACERS,12,0,36,2,10,1,2,1,4,1,7,0,0,1,0,4
johnsam01,Amir Johnson,CENTER,31,PHILADELPHIA 76ERS,49,6,487,73,143,11,37,27,36,41,90,57,15,11,45,94
johnsbj01,B.J. Johnson,SMALL FORWARD,23,ATLANTA HAWKS,6,0,43,8,16,3,6,2,2,2,6,0,2,0,2,3
johnsja01,James Johnson,POWER FORWARD,31,MIAMI HEAT,51,33,1074,150,355,48,140,45,64,21,144,119,33,26,65,104
johnsst04,Stanley Johnson,SMALL FORWARD,22,DETROIT PISTONS,48,7,961,133,349,51,181,41,51,25,150,60,48,13,55,92
johnsst04,Stanley Johnson,SMALL FORWARD,22,NEW ORLEANS PELICANS,18,0,247,38,91,11,34,9,13,9,33,28,12,1,26,22
johnsty01,Tyler Johnson,POINT GUARD,26,MIAMI HEAT,44,10,1123,171,401,72,204,61,88,19,102,112,40,21,63,72
johnsty01,Tyler Johnson,POINT GUARD,26,PHOENIX SUNS,13,12,406,46,125,18,56,34,39,15,37,54,14,6,14,25
johnswe01,Wesley Johnson,SMALL FORWARD,31,NEW ORLEANS PELICANS,26,13,377,35,88,19,50,6,9,10,44,16,12,7,12,45
johnswe01,Wesley Johnson,SMALL FORWARD,31,WASHINGTON WIZARDS,12,0,157,10,40,6,26,7,10,2,16,7,2,5,6,18
jokicni01,Nikola Jokic,CENTER,23,DENVER NUGGETS,77,77,2414,593,1159,81,259,284,344,220,613,567,102,53,241,215
jonesda03,Damian Jones,CENTER,23,GOLDEN STATE WARRIORS,24,22,410,53,74,0,0,24,37,31,44,28,12,25,16,63
jonesde02,Derrick Jones,SMALL FORWARD,21,MIAMI HEAT,57,14,1088,153,312,28,90,68,113,94,139,36,46,41,42,119
jonesja04,Jalen Jones,SMALL FORWARD,25,CLEVELAND CAVALIERS,16,0,214,26,62,10,28,19,27,11,23,7,9,2,8,27
jonesje01,Jemerrio Jones,SMALL FORWARD,23,LOS ANGELES LAKERS,2,0,7,1,3,0,2,0,0,1,0,0,1,0,0,0
joneste01,Terrence Jones,POWER FORWARD,27,HOUSTON ROCKETS,2,0,5,1,4,0,2,0,1,0,4,0,0,0,1,1
jonesty01,Tyus Jones,POINT GUARD,22,MINNESOTA TIMBERWOLVES,64,19,1432,167,406,39,117,54,65,23,98,292,77,5,46,72
jordade01,DeAndre Jordan,CENTER,30,DALLAS MAVERICKS,50,50,1554,208,323,0,0,135,198,161,525,99,33,53,111,125
jordade01,DeAndre Jordan,CENTER,30,NEW YORK KNICKS,19,19,493,78,123,0,0,51,66,64,152,57,9,20,42,42
josepco01,Cory Joseph,POINT GUARD,27,INDIANA PACERS,79,8,1999,216,524,52,164,28,41,38,231,307,91,21,79,127
kaminfr01,Frank Kaminsky,CENTER,25,CHARLOTTE HORNETS,43,0,650,116,251,43,119,61,84,36,103,55,11,11,36,58
kanteen01,Enes Kanter,CENTER,26,NEW YORK KNICKS,44,23,1128,251,468,7,22,105,129,171,290,84,18,17,79,106
kanteen01,Enes Kanter,CENTER,26,PORTLAND TRAIL BLAZERS,20,5,410,99,172,2,11,44,60,68,94,25,12,9,31,51
kennalu01,Luke Kennard,SHOOTING GUARD,22,DETROIT PISTONS,59,10,1347,211,485,96,246,46,56,11,159,106,25,10,50,84
kiddgmi01,Michael Kidd-Gilchrist,POWER FORWARD,25,CHARLOTTE HORNETS,62,2,1152,155,328,14,44,93,121,88,156,58,31,38,41,154
kingge03,George King,SMALL FORWARD,25,PHOENIX SUNS,1,0,6,0,0,0,0,0,0,0,1,0,0,0,0,0
klebima01,Maxi Kleber,POWER FORWARD,27,DALLAS MAVERICKS,69,17,1461,172,376,75,213,56,70,86,228,68,36,77,51,140
knighbr03,Brandon Knight,POINT GUARD,27,HOUSTON ROCKETS,12,0,118,11,47,5,32,9,11,1,8,9,2,0,5,14
knighbr03,Brandon Knight,POINT GUARD,27,CLEVELAND CAVALIERS,23,22,501,76,174,31,81,11,14,6,32,53,16,1,20,40
knoxke01,Kevin Knox,POWER FORWARD,19,NEW YORK KNICKS,71,53,2032,320,858,119,339,149,203,58,248,74,42,23,108,170
korkmfu01,Furkan Korkmaz,SHOOTING GUARD,21,PHILADELPHIA 76ERS,46,6,654,94,234,46,139,35,42,16,89,51,28,2,25,59
kornelu01,Luke Kornet,POWER FORWARD,23,NEW YORK KNICKS,42,15,662,91,242,62,168,37,44,23,85,45,26,30,22,37
korveky01,Kyle Korver,POWER FORWARD,37,CLEVELAND CAVALIERS,16,0,251,35,76,25,54,13,16,0,29,17,3,2,17,22
korveky01,Kyle Korver,SHOOTING GUARD,37,UTAH JAZZ,54,0,1083,166,407,113,294,47,57,9,124,64,22,10,42,84
koufoko01,Kosta Koufos,CENTER,29,SACRAMENTO KINGS,40,1,474,66,142,0,0,10,23,49,121,35,15,17,24,65
kurucro01,Rodions Kurucs,SMALL FORWARD,20,BROOKLYN NETS,60,43,1226,191,410,54,163,68,87,49,176,47,39,25,75,141
kuzmaky01,Kyle Kuzma,POWER FORWARD,23,LOS ANGELES LAKERS,70,68,2314,496,1087,128,422,188,250,60,322,178,41,26,133,170
labissk01,Skal Labissiere,POWER FORWARD,22,SACRAMENTO KINGS,13,0,113,13,30,4,11,6,11,4,20,6,2,3,7,21
labissk01,Skal Labissiere,POWER FORWARD,22,PORTLAND TRAIL BLAZERS,8,0,23,1,2,0,0,0,2,1,3,4,1,2,2,3
lambje01,Jeremy Lamb,SHOOTING GUARD,26,CHARLOTTE HORNETS,75,55,2136,402,930,105,310,215,242,61,351,158,80,31,78,136
lavinza01,Zach LaVine,SHOOTING GUARD,23,CHICAGO BULLS,63,62,2171,530,1135,120,321,312,375,40,254,283,60,26,215,140
laymaja01,Jake Layman,SMALL FORWARD,24,PORTLAND TRAIL BLAZERS,67,32,1239,202,393,54,170,47,66,56,151,49,29,30,42,107
leaftj01,T.J. Leaf,POWER FORWARD,21,INDIANA PACERS,55,0,458,84,152,8,29,15,26,34,73,21,7,15,12,31
leeco01,Courtney Lee,SHOOTING GUARD,33,NEW YORK KNICKS,12,2,160,21,47,5,16,9,14,6,21,16,8,2,5,13
leeco01,Courtney Lee,SHOOTING GUARD,33,DALLAS MAVERICKS,19,2,201,17,55,6,28,5,7,1,17,11,8,1,7,14
leeda03,Damion Lee,SHOOTING GUARD,26,GOLDEN STATE WARRIORS,27,0,298,41,95,19,51,12,15,7,38,6,10,0,10,26
lemonwa01,Walt Lemon,POINT GUARD,26,CHICAGO BULLS,3,2,91,22,43,0,1,5,8,1,8,19,9,1,5,7
lenal01,Alex Len,CENTER,25,ATLANTA HAWKS,74,28,1457,298,599,64,179,132,199,148,254,77,26,64,96,191
leonaka01,Kawhi Leonard,SMALL FORWARD,27,TORONTO RAPTORS,57,57,1947,533,1078,104,282,355,412,78,345,190,104,23,118,84
leoname01,Meyers Leonard,CENTER,26,PORTLAND TRAIL BLAZERS,59,1,829,124,229,49,109,41,49,45,176,72,13,9,40,99
leuerjo01,Jon Leuer,POWER FORWARD,29,DETROIT PISTONS,40,1,398,65,112,1,11,23,31,27,69,14,12,4,23,60
leverca01,Caris LeVert,SMALL FORWARD,24,BROOKLYN NETS,37,24,989,187,450,43,145,78,112,32,109,144,40,13,65,71
lillada01,Damian Lillard,POINT GUARD,28,PORTLAND TRAIL BLAZERS,77,77,2725,663,1484,229,616,448,492,66,291,530,85,33,206,144
linje01,Jeremy Lin,POINT GUARD,30,ATLANTA HAWKS,51,1,1003,180,386,44,132,142,168,16,103,181,38,7,98,96
linje01,Jeremy Lin,POINT GUARD,30,TORONTO RAPTORS,21,3,404,56,145,11,51,30,38,5,50,45,8,6,23,45
livinsh01,Shaun Livingston,POINT GUARD,33,GOLDEN STATE WARRIORS,61,0,931,105,205,0,2,40,49,40,73,112,30,26,38,69
loftoza01,Zach Lofton,SHOOTING GUARD,26,DETROIT PISTONS,1,0,4,0,1,0,1,0,0,0,0,0,1,0,1,0
looneke01,Kevon Looney,CENTER,22,GOLDEN STATE WARRIORS,75,24,1417,200,320,1,10,65,105,183,217,116,42,53,50,205
lopezbr01,Brook Lopez,CENTER,30,MILWAUKEE BUCKS,78,78,2237,346,757,185,497,108,129,29,345,94,50,171,80,179
lopezro01,Robin Lopez,CENTER,30,CHICAGO BULLS,71,33,1524,289,507,6,26,88,121,135,141,85,11,76,95,122
loveke01,Kevin Love,POWER FORWARD,30,CLEVELAND CAVALIERS,21,21,585,107,279,52,144,103,114,33,202,46,5,5,42,54
lowryky01,Kyle Lowry,POINT GUARD,32,TORONTO RAPTORS,63,63,2135,297,718,155,440,156,188,41,257,548,88,31,177,160
loydjo01,Jordan Loyd,POINT GUARD,25,TORONTO RAPTORS,11,0,47,6,14,3,7,8,10,1,7,6,0,0,2,5
lucaska01,Kalin Lucas,POINT GUARD,29,DETROIT PISTONS,1,0,6,0,1,0,1,2,2,0,3,1,0,0,0,1
luwawti01,Timothe Luwawu-Cabarrot,SMALL FORWARD,23,OKLAHOMA CITY THUNDER,21,1,123,13,43,5,22,4,6,4,14,4,4,1,5,14
luwawti01,Timothe Luwawu-Cabarrot,SMALL FORWARD,23,CHICAGO BULLS,26,4,465,56,142,27,79,19,25,7,58,20,14,6,16,49
lydonty01,Tyler Lydon,POWER FORWARD,22,DENVER NUGGETS,24,0,90,8,17,4,10,1,3,6,11,5,2,0,4,10
lylestr01,Trey Lyles,POWER FORWARD,23,DENVER NUGGETS,63,1,1093,201,483,48,193,81,115,41,196,85,30,23,66,90
machasc01,Scott Machado,POINT GUARD,28,LOS ANGELES LAKERS,4,0,19,4,6,1,1,1,1,0,0,3,1,0,0,2
macksh01,Shelvin Mack,POINT GUARD,28,MEMPHIS GRIZZLIES,53,3,1204,161,389,46,128,53,75,18,84,182,45,4,62,81
macksh01,Shelvin Mack,POINT GUARD,28,CHARLOTTE HORNETS,4,0,42,2,14,0,2,5,9,0,2,1,2,0,4,3
maconda01,Daryl Macon,SHOOTING GUARD,23,DALLAS MAVERICKS,6,0,36,3,11,0,1,0,0,1,2,4,1,0,3,5
macurjp01,J.P. Macura,SHOOTING GUARD,23,CHARLOTTE HORNETS,1,0,14,2,8,0,4,0,0,0,2,2,0,0,0,0
mahinia01,Ian Mahinmi,CENTER,32,WASHINGTON WIZARDS,32,6,453,42,86,1,13,41,60,40,69,24,24,15,20,76
makerth01,Thon Maker,CENTER,21,MILWAUKEE BUCKS,35,0,409,59,134,26,78,20,37,17,79,18,10,18,9,55
makerth01,Thon Maker,POWER FORWARD,21,DETROIT PISTONS,25,4,497,46,119,22,67,33,43,21,74,25,10,28,21,42
marjabo01,Boban Marjanovic,CENTER,30,LOS ANGELES CLIPPERS,36,9,376,85,140,0,2,72,95,55,97,22,11,17,37,57
marjabo01,Boban Marjanovic,CENTER,30,PHILADELPHIA 76ERS,18,2,247,56,92,2,4,24,33,29,64,23,3,8,20,30
markkla01,Lauri Markkanen,POWER FORWARD,21,CHICAGO BULLS,52,51,1682,342,795,120,332,170,195,74,396,75,37,33,85,122
martija01,Jarell Martin,POWER FORWARD,24,ORLANDO MAGIC,39,1,295,41,97,20,52,9,11,10,55,15,2,8,11,42
masonfr01,Frank Mason,POINT GUARD,24,SACRAMENTO KINGS,36,0,409,62,151,12,56,36,53,4,34,83,16,4,31,31
matthwe02,Wesley Matthews,SMALL FORWARD,32,DALLAS MAVERICKS,44,44,1312,194,469,100,263,87,110,20,82,100,33,12,58,102
matthwe02,Wesley Matthews,SHOOTING GUARD,32,NEW YORK KNICKS,2,1,54,4,19,2,10,4,5,1,2,5,1,1,2,2
matthwe02,Wesley Matthews,SHOOTING GUARD,32,INDIANA PACERS,21,21,679,76,197,45,121,41,48,11,51,53,19,4,28,53
mbahalu01,Luc Mbah a Moute,POWER FORWARD,32,LOS ANGELES CLIPPERS,4,0,61,8,18,2,6,2,5,2,5,2,1,1,2,8
mccalta01,Tahjere McCall,SHOOTING GUARD,24,BROOKLYN NETS,1,0,8,2,3,0,1,0,1,0,1,0,0,0,0,2
mccawpa01,Patrick McCaw,SHOOTING GUARD,23,CLEVELAND CAVALIERS,3,0,53,2,9,1,4,0,0,0,3,2,2,0,3,1
mccawpa01,Patrick McCaw,SHOOTING GUARD,23,TORONTO RAPTORS,26,1,344,24,54,8,24,13,15,7,38,27,21,2,14,37
mccolcj01,CJ McCollum,SHOOTING GUARD,27,PORTLAND TRAIL BLAZERS,68,68,2321,563,1217,165,434,157,189,60,215,198,54,27,104,166
mccontj01,T.J. McConnell,POINT GUARD,26,PHILADELPHIA 76ERS,72,2,1391,205,393,14,42,28,35,27,138,249,76,16,87,101
mcderdo01,Doug McDermott,SMALL FORWARD,27,INDIANA PACERS,74,0,1270,197,396,79,196,60,72,16,87,63,16,8,42,99
mcgeeja01,JaVale McGee,CENTER,31,LOS ANGELES LAKERS,71,58,1579,372,599,1,9,93,144,184,347,47,46,139,100,192
mcgruro01,Rodney McGruder,SHOOTING GUARD,27,MIAMI HEAT,64,45,1517,183,451,79,223,52,70,56,172,110,36,11,64,114
mckinal01,Alfonzo McKinnie,SMALL FORWARD,26,GOLDEN STATE WARRIORS,67,4,917,125,257,38,107,24,43,80,149,28,16,13,29,124
mclembe01,Ben McLemore,SHOOTING GUARD,25,SACRAMENTO KINGS,19,0,158,25,64,17,41,8,12,3,14,4,6,3,5,22
mcraejo01,Jordan McRae,SHOOTING GUARD,27,WASHINGTON WIZARDS,26,0,318,58,123,9,31,28,35,6,32,27,13,7,14,26
meeksjo01,Jodie Meeks,SHOOTING GUARD,31,TORONTO RAPTORS,7,0,86,18,34,7,15,1,1,1,10,7,1,1,1,4
mejrisa01,Salah Mejri,CENTER,32,DALLAS MAVERICKS,33,4,333,43,86,7,22,15,22,33,77,26,9,17,19,51
meltode01,De'Anthony Melton,POINT GUARD,20,PHOENIX SUNS,47,31,915,90,237,28,92,16,22,21,101,150,64,23,68,108
metuch01,Chimezie Metu,POWER FORWARD,21,SAN ANTONIO SPURS,29,0,145,19,58,0,2,13,17,9,27,13,6,2,15,14
middlkh01,Khris Middleton,SMALL FORWARD,27,MILWAUKEE BUCKS,73,73,2297,473,1079,169,446,204,244,49,399,316,76,6,164,166
milescj01,C.J. Miles,SMALL FORWARD,31,TORONTO RAPTORS,40,1,562,70,206,43,137,35,44,12,56,22,18,10,21,62
milescj01,C.J. Miles,SMALL FORWARD,31,MEMPHIS GRIZZLIES,13,0,294,42,105,24,66,13,14,1,26,14,8,5,9,17
milleda01,Darius Miller,SMALL FORWARD,28,NEW ORLEANS PELICANS,69,15,1757,189,484,133,364,56,71,14,114,146,40,23,59,165
millema01,Malcolm Miller,SMALL FORWARD,25,TORONTO RAPTORS,9,0,58,10,24,10,21,2,2,0,4,1,1,1,1,4
millspa02,Patty Mills,POINT GUARD,30,SAN ANTONIO SPURS,79,1,1847,271,638,151,385,83,97,24,152,233,47,10,91,125
millspa01,Paul Millsap,POWER FORWARD,33,DENVER NUGGETS,67,62,1810,309,639,55,152,171,236,148,338,135,82,53,88,174
miltosh01,Shake Milton,SHOOTING GUARD,22,PHILADELPHIA 76ERS,16,0,182,28,61,11,31,4,5,7,16,13,5,4,4,20
mirotni01,Nikola Mirotic,POWER FORWARD,27,NEW ORLEANS PELICANS,32,22,925,182,407,85,231,85,101,46,218,35,21,25,37,86
mirotni01,Nikola Mirotic,POWER FORWARD,27,MILWAUKEE BUCKS,14,3,320,56,135,31,87,20,23,14,61,20,10,9,11,21
mitchdo01,Donovan Mitchell,SHOOTING GUARD,22,UTAH JAZZ,74,74,2494,633,1468,179,499,296,369,57,245,304,101,31,213,200
mitrona01,Naz Mitrou-Long,SHOOTING GUARD,25,UTAH JAZZ,11,0,45,3,11,1,7,0,0,0,2,5,0,0,3,5
monkma01,Malik Monk,SHOOTING GUARD,20,CHARLOTTE HORNETS,69,0,1185,219,566,105,316,90,102,15,110,109,34,16,84,99
monrogr01,Greg Monroe,CENTER,28,TORONTO RAPTORS,38,2,423,74,161,0,4,35,61,60,96,16,13,8,31,61
monrogr01,Greg Monroe,CENTER,28,BOSTON CELTICS,2,0,5,3,5,0,0,0,0,3,0,1,0,0,0,0
mooreet01,E'Twaun Moore,SHOOTING GUARD,29,NEW ORLEANS PELICANS,53,36,1463,256,532,76,176,45,59,35,92,102,40,8,59,112
moreler01,Eric Moreland,POWER FORWARD,27,PHOENIX SUNS,1,0,5,0,0,0,0,0,0,0,3,0,0,0,0,1
moreler01,Eric Moreland,POWER FORWARD,27,TORONTO RAPTORS,3,0,31,3,6,1,1,0,0,3,10,4,0,0,3,8
morrija01,Jaylen Morris,SHOOTING GUARD,23,MILWAUKEE BUCKS,4,0,29,4,10,1,3,1,2,0,5,4,2,0,1,1
morrima03,Marcus Morris,POWER FORWARD,29,BOSTON CELTICS,73,53,2036,371,822,143,378,137,164,74,370,105,43,23,90,176
morrima02,Markieff Morris,POWER FORWARD,29,WASHINGTON WIZARDS,34,15,883,143,328,48,144,57,73,41,133,60,25,20,47,117
morrima02,Markieff Morris,POWER FORWARD,29,OKLAHOMA CITY THUNDER,20,1,308,43,120,15,48,12,16,9,54,14,11,2,6,45
morrimo01,Monte Morris,POINT GUARD,23,DENVER NUGGETS,78,5,1882,329,669,90,217,57,72,35,153,286,69,4,52,97
motlejo01,Johnathan Motley,POWER FORWARD,23,LOS ANGELES CLIPPERS,21,0,144,35,67,0,3,23,38,16,29,10,4,3,15,25
mudiaem01,Emmanuel Mudiay,POINT GUARD,22,NEW YORK KNICKS,59,42,1607,330,740,69,210,144,186,33,163,228,43,19,140,103
murraja01,Jamal Murray,POINT GUARD,21,DENVER NUGGETS,72,71,2346,491,1125,144,397,179,210,62,238,349,65,26,154,150
musadz01,Dzanan Musa,SHOOTING GUARD,19,BROOKLYN NETS,8,0,34,8,20,0,9,0,2,1,3,1,2,0,4,1
muscami01,Mike Muscala,POWER FORWARD,27,PHILADELPHIA 76ERS,47,6,1041,109,278,68,199,63,77,51,149,62,18,27,43,112
muscami01,Mike Muscala,POWER FORWARD,27,LOS ANGELES LAKERS,13,2,140,17,48,9,36,5,6,1,18,9,3,7,1,12
mykhasv01,Sviatoslav Mykhailiuk,SMALL FORWARD,21,LOS ANGELES LAKERS,39,0,420,44,132,27,85,12,20,8,26,33,13,1,20,25
mykhasv01,Sviatoslav Mykhailiuk,SMALL FORWARD,21,DETROIT PISTONS,3,0,20,2,8,2,4,0,0,1,1,4,1,0,1,0
naderab01,Abdel Nader,SMALL FORWARD,25,OKLAHOMA CITY THUNDER,59,1,678,86,203,31,94,27,35,12,96,18,19,12,24,67
nancela02,Larry Nance,CENTER,26,CLEVELAND CAVALIERS,63,26,1663,230,441,30,89,92,130,156,343,197,92,37,93,179
napiesh01,Shabazz Napier,POINT GUARD,27,BROOKLYN NETS,55,2,953,162,418,70,215,115,138,15,80,138,41,16,66,64
netora01,Raul Neto,POINT GUARD,26,UTAH JAZZ,37,1,474,74,161,20,60,28,33,6,56,93,14,4,35,49
niangge01,Georges Niang,POWER FORWARD,25,UTAH JAZZ,55,0,408,65,142,37,90,13,17,9,64,25,8,3,16,47
noahjo01,Joakim Noah,CENTER,33,MEMPHIS GRIZZLIES,42,1,693,110,213,0,1,78,109,58,180,89,20,31,50,96
noelne01,Nerlens Noel,CENTER,24,OKLAHOMA CITY THUNDER,73,2,1006,155,266,0,0,50,75,121,193,42,61,90,42,159
nowitdi01,Dirk Nowitzki,POWER FORWARD,40,DALLAS MAVERICKS,47,16,694,110,307,55,178,34,45,4,124,29,8,16,16,68
ntilila01,Frank Ntilikina,POINT GUARD,20,NEW YORK KNICKS,43,16,904,95,282,33,115,23,30,12,75,121,30,14,56,104
nunnaja01,James Nunnally,SMALL FORWARD,28,MINNESOTA TIMBERWOLVES,13,0,64,9,21,5,13,4,4,0,4,5,1,0,1,4
nunnaja01,James Nunnally,SMALL FORWARD,28,HOUSTON ROCKETS,2,0,38,3,13,3,12,0,0,0,1,2,0,0,0,6
nurkiju01,Jusuf Nurkic,CENTER,24,PORTLAND TRAIL BLAZERS,72,72,1974,420,826,3,29,282,365,243,505,233,71,103,168,250
nwabada01,David Nwaba,SHOOTING GUARD,26,CLEVELAND CAVALIERS,47,14,908,117,242,24,72,55,82,36,107,49,34,17,23,99
onealro01,Royce O'Neale,SMALL FORWARD,25,UTAH JAZZ,78,13,1548,153,319,64,159,31,41,21,247,115,53,22,66,159
oquinky01,Kyle O'Quinn,CENTER,28,INDIANA PACERS,42,2,351,63,122,1,11,15,19,27,86,53,9,23,30,65
ojelese01,Semi Ojeleye,POWER FORWARD,24,BOSTON CELTICS,54,2,553,60,140,26,81,23,35,22,59,19,9,4,19,42
okafoja01,Jahlil Okafor,CENTER,23,NEW ORLEANS PELICANS,56,21,838,183,313,0,3,54,82,73,178,33,13,38,45,92
okoboel01,Elie Okobo,POINT GUARD,21,PHOENIX SUNS,50,13,883,103,267,35,121,33,43,11,82,117,28,7,64,104
okogijo01,Josh Okogie,SHOOTING GUARD,20,MINNESOTA TIMBERWOLVES,70,48,1664,190,489,59,209,114,157,41,174,84,79,30,63,157
oladivi01,Victor Oladipo,SHOOTING GUARD,26,INDIANA PACERS,36,36,1147,249,588,74,216,103,141,21,181,186,60,11,82,72
olynyke01,Kelly Olynyk,POWER FORWARD,27,MIAMI HEAT,75,32,1736,252,545,110,310,150,183,71,288,136,52,32,108,179
osmande01,Cedi Osman,SMALL FORWARD,23,CLEVELAND CAVALIERS,72,71,2310,336,797,123,354,135,173,38,301,189,55,11,109,188
oubreke01,Kelly Oubre,SMALL FORWARD,23,WASHINGTON WIZARDS,29,7,755,132,305,41,132,68,85,24,105,20,27,20,30,71
oubreke01,Kelly Oubre,SMALL FORWARD,23,PHOENIX SUNS,40,12,1180,243,537,67,206,121,159,47,149,64,57,39,73,110
pachuza01,Zaza Pachulia,CENTER,34,DETROIT PISTONS,65,3,838,81,184,0,4,89,115,93,159,87,30,17,54,145
parkeja01,Jabari Parker,POWER FORWARD,23,CHICAGO BULLS,39,17,1042,220,464,37,114,79,108,41,200,84,23,14,84,87
parkeja01,Jabari Parker,POWER FORWARD,23,WASHINGTON WIZARDS,25,0,682,149,285,24,81,52,76,38,142,68,23,16,67,58
parketo01,Tony Parker,POINT GUARD,36,CHARLOTTE HORNETS,56,0,1003,213,463,13,51,91,124,14,69,207,21,7,75,53
parsoch01,Chandler Parsons,SMALL FORWARD,30,MEMPHIS GRIZZLIES,22,3,417,58,151,23,80,18,21,3,56,31,18,4,25,38
pattepa01,Patrick Patterson,POWER FORWARD,29,OKLAHOMA CITY THUNDER,61,5,854,82,218,46,136,19,30,41,104,31,16,13,21,45
pattoju01,Justin Patton,CENTER,21,PHILADELPHIA 76ERS,3,0,21,2,7,0,2,1,2,2,4,3,2,0,0,5
paulch01,Chris Paul,POINT GUARD,33,HOUSTON ROCKETS,55,55,1773,287,688,117,335,174,202,35,216,448,106,18,147,142
payneca01,Cameron Payne,POINT GUARD,24,CHICAGO BULLS,31,12,536,69,168,16,59,22,25,10,43,83,20,6,34,49
payneca01,Cameron Payne,POINT GUARD,24,CLEVELAND CAVALIERS,9,1,176,27,55,9,25,11,16,3,16,23,8,3,11,15
paytoel01,Elfrid Payton,POINT GUARD,24,NEW ORLEANS PELICANS,39,39,1142,162,375,29,94,50,67,48,155,287,41,13,101,75
paytoga02,Gary Payton,POINT GUARD,26,WASHINGTON WIZARDS,3,0,16,5,8,1,2,0,0,1,1,4,3,1,1,2
pinsoth01,Theo Pinson,SHOOTING GUARD,23,BROOKLYN NETS,17,0,192,23,66,12,42,19,22,2,30,19,5,0,15,13
plumlma01,Mason Plumlee,CENTER,28,DENVER NUGGETS,78,16,1622,251,416,2,9,107,191,159,334,223,62,70,123,238
plumlmi01,Miles Plumlee,CENTER,30,ATLANTA HAWKS,18,0,173,32,48,0,0,16,30,16,23,17,6,4,10,14
poeltja01,Jakob Poeltl,CENTER,23,SAN ANTONIO SPURS,74,21,1203,175,275,0,0,48,90,172,219,88,27,65,47,118
pondequ01,Quincy Pondexter,SMALL FORWARD,30,SAN ANTONIO SPURS,50,0,280,27,56,6,18,32,40,8,36,24,9,1,12,24
porteot01,Otto Porter,SMALL FORWARD,25,WASHINGTON WIZARDS,41,28,1191,202,442,65,176,49,64,40,191,80,64,22,40,79
porteot01,Otto Porter,SMALL FORWARD,25,CHICAGO BULLS,15,15,492,97,201,39,80,29,32,14,69,40,18,9,25,29
portibo01,Bobby Portis,POWER FORWARD,23,CHICAGO BULLS,22,6,531,122,271,27,72,39,50,46,115,29,11,8,29,61
portibo01,Bobby Portis,POWER FORWARD,23,WASHINGTON WIZARDS,25,19,684,143,320,43,105,33,42,53,162,37,23,12,41,77
poweldw01,Dwight Powell,CENTER,27,DALLAS MAVERICKS,74,19,1581,279,468,39,124,185,239,129,256,106,43,47,64,190
powelno01,Norman Powell,SHOOTING GUARD,25,TORONTO RAPTORS,57,3,1066,181,380,62,162,57,69,16,113,87,37,13,62,91
poythal01,Alex Poythress,POWER FORWARD,25,ATLANTA HAWKS,21,1,305,40,81,9,23,18,29,29,47,17,4,10,13,47
qizh01,Zhou Qi,POWER FORWARD,23,HOUSTON ROCKETS,1,0,1,1,1,0,0,0,0,0,0,0,0,0,0,0
rabbiv01,Ivan Rabb,POWER FORWARD,21,MEMPHIS GRIZZLIES,45,10,606,100,177,3,12,40,57,61,115,41,15,14,31,78
randlch01,Chasson Randle,POINT GUARD,25,WASHINGTON WIZARDS,46,2,676,84,195,40,98,38,55,10,42,87,22,3,40,85
randlju01,Julius Randle,POWER FORWARD,24,NEW ORLEANS PELICANS,72,48,2194,558,1065,67,193,351,476,156,464,226,52,45,203,244
redicjj01,J.J. Redick,SHOOTING GUARD,34,PHILADELPHIA 76ERS,74,61,2325,434,1000,231,589,221,248,20,159,202,30,16,100,126
reedda01,Davon Reed,SHOOTING GUARD,23,INDIANA PACERS,8,0,22,2,4,1,1,0,0,1,1,2,0,0,1,1
reynoca01,Cameron Reynolds,SHOOTING GUARD,23,MINNESOTA TIMBERWOLVES,15,0,194,22,55,13,35,8,9,4,19,10,5,2,2,19
richajo01,Josh Richardson,SHOOTING GUARD,25,MIAMI HEAT,73,73,2539,423,1026,164,460,199,231,54,209,298,79,34,113,200
richama01,Malachi Richardson,SHOOTING GUARD,23,TORONTO RAPTORS,22,0,103,9,29,8,25,4,5,2,11,0,1,0,8,13
riverau01,Austin Rivers,SHOOTING GUARD,26,WASHINGTON WIZARDS,29,2,683,76,194,33,106,25,46,10,61,58,18,10,36,72
riverau01,Austin Rivers,SHOOTING GUARD,26,HOUSTON ROCKETS,44,13,1278,148,357,67,208,25,48,15,71,100,27,13,31,132
robinde01,Devin Robinson,SMALL FORWARD,23,WASHINGTON WIZARDS,4,0,32,8,13,0,0,3,6,2,5,2,3,1,0,2
robindu01,Duncan Robinson,POWER FORWARD,24,MIAMI HEAT,13,1,114,11,32,7,26,2,3,0,13,2,3,0,2,8
robingl02,Glenn Robinson,SMALL FORWARD,25,DETROIT PISTONS,44,18,567,70,167,17,59,31,38,17,44,19,12,7,18,43
robinje01,Jerome Robinson,SHOOTING GUARD,21,LOS ANGELES CLIPPERS,30,0,277,36,94,16,50,5,7,3,29,14,9,3,7,41
robinmi01,Mitchell Robinson,CENTER,20,NEW YORK KNICKS,62,15,1237,185,268,0,0,73,124,167,217,36,50,152,32,201
rondora01,Rajon Rondo,POINT GUARD,32,LOS ANGELES LAKERS,44,27,1302,164,401,46,129,23,33,33,200,353,55,7,119,98
rosede01,Derrick Rose,POINT GUARD,30,MINNESOTA TIMBERWOLVES,51,13,1392,363,753,54,146,137,160,33,107,220,31,12,82,57
rosste01,Terrence Ross,SHOOTING GUARD,27,ORLANDO MAGIC,78,0,2067,414,982,200,535,109,127,25,244,128,69,28,85,117
roziete01,Terry Rozier,POINT GUARD,24,BOSTON CELTICS,76,13,1739,246,643,113,324,72,91,32,266,224,67,20,64,99
rubiori01,Ricky Rubio,POINT GUARD,28,UTAH JAZZ,67,66,1894,294,729,79,254,193,224,33,208,416,91,10,179,179
russeda01,D'Angelo Russell,POINT GUARD,22,BROOKLYN NETS,78,78,2366,635,1474,223,616,153,197,48,252,542,97,19,246,137
sabondo01,Domantas Sabonis,CENTER,22,INDIANA PACERS,72,5,1785,399,678,9,17,207,289,183,489,206,46,30,155,235
sampsbr01,Brandon Sampson,SHOOTING GUARD,21,CHICAGO BULLS,11,2,143,18,40,5,20,3,4,1,10,7,4,2,10,12
sampsja02,JaKarr Sampson,SMALL FORWARD,25,CHICAGO BULLS,2,0,59,14,21,3,4,9,10,3,13,2,3,1,3,6
saricda01,Dario Saric,POWER FORWARD,24,PHILADELPHIA 76ERS,13,13,396,48,132,21,70,27,30,21,65,26,4,3,25,39
saricda01,Dario Saric,POWER FORWARD,24,MINNESOTA TIMBERWOLVES,64,24,1512,232,514,88,229,94,109,100,245,92,41,5,68,134
satorto01,Tomas Satoransky,POINT GUARD,27,WASHINGTON WIZARDS,77,51,2080,246,508,61,155,124,151,79,191,384,80,13,115,169
schrode01,Dennis Schroder,POINT GUARD,25,OKLAHOMA CITY THUNDER,75,13,2182,430,1046,112,337,175,216,34,231,308,59,12,164,177
scottmi01,Mike Scott,POWER FORWARD,30,LOS ANGELES CLIPPERS,52,0,748,92,230,52,133,12,18,24,150,44,17,8,27,88
scottmi01,Mike Scott,POWER FORWARD,30,PHILADELPHIA 76ERS,24,0,566,64,170,41,107,10,15,18,67,19,9,4,17,61
sefolth01,Thabo Sefolosha,SMALL FORWARD,34,UTAH JAZZ,46,1,519,60,124,29,68,13,20,6,103,21,36,5,23,39
seldewa01,Wayne Selden,SHOOTING GUARD,24,MEMPHIS GRIZZLIES,32,0,455,65,161,20,63,22,29,16,28,36,10,6,23,48
seldewa01,Wayne Selden,SHOOTING GUARD,24,CHICAGO BULLS,40,10,923,123,299,33,102,45,61,20,100,65,23,7,53,79
sextoco01,Collin Sexton,POINT GUARD,20,CLEVELAND CAVALIERS,78,68,2457,487,1139,110,270,207,246,57,176,222,40,6,173,179
shamela01,Landry Shamet,SHOOTING GUARD,21,PHILADELPHIA 76ERS,54,4,1108,153,347,99,245,44,54,14,64,59,24,8,26,106
shamela01,Landry Shamet,SHOOTING GUARD,21,LOS ANGELES CLIPPERS,22,20,616,77,187,60,135,28,33,6,42,49,13,1,15,43
shumpim01,Iman Shumpert,SHOOTING GUARD,28,SACRAMENTO KINGS,42,40,1099,133,348,74,202,34,41,19,110,91,47,20,38,92
shumpim01,Iman Shumpert,SHOOTING GUARD,28,HOUSTON ROCKETS,18,1,338,29,86,18,62,0,0,8,44,20,12,4,12,34
siakapa01,Pascal Siakam,POWER FORWARD,24,TORONTO RAPTORS,77,76,2465,502,920,73,204,230,294,123,407,242,72,52,147,231
siberjo01,Jordan Sibert,SHOOTING GUARD,26,ATLANTA HAWKS,1,0,4,1,1,1,1,0,0,0,0,0,0,0,0,0
simmobe01,Ben Simmons,POINT GUARD,22,PHILADELPHIA 76ERS,76,76,2617,524,933,0,6,253,421,166,518,592,108,59,265,203
simmojo02,Jonathon Simmons,SHOOTING GUARD,29,ORLANDO MAGIC,41,9,845,104,286,19,83,56,72,23,77,95,18,14,56,68
simmojo02,Jonathon Simmons,SMALL FORWARD,29,PHILADELPHIA 76ERS,13,0,163,16,41,4,12,13,21,3,14,20,8,0,8,20
simmoko01,Kobi Simmons,POINT GUARD,21,CLEVELAND CAVALIERS,1,0,2,0,0,0,0,0,0,0,0,0,0,0,0,0
simonan01,Anfernee Simons,SHOOTING GUARD,19,PORTLAND TRAIL BLAZERS,18,0,88,15,40,3,17,5,10,0,7,4,0,0,8,7
smartma01,Marcus Smart,SHOOTING GUARD,24,BOSTON CELTICS,78,58,2152,236,555,123,335,101,126,56,173,314,139,27,119,196
smithde03,Dennis Smith,POINT GUARD,21,DALLAS MAVERICKS,32,32,908,157,357,43,125,57,82,18,79,138,40,11,100,82
smithde03,Dennis Smith,POINT GUARD,21,NEW YORK KNICKS,19,17,539,105,258,19,69,39,68,14,41,104,26,9,45,45
smithis01,Ish Smith,POINT GUARD,30,DETROIT PISTONS,52,0,1157,181,443,41,126,42,55,23,111,187,27,11,58,101
smithjr01,J.R. Smith,SHOOTING GUARD,33,CLEVELAND CAVALIERS,11,4,222,27,79,12,39,8,10,0,18,21,11,3,11,19
smithja02,Jason Smith,CENTER,32,WASHINGTON WIZARDS,12,1,130,15,37,4,10,10,12,11,26,12,1,5,7,21
smithja02,Jason Smith,POWER FORWARD,32,MILWAUKEE BUCKS,6,0,40,4,13,3,9,2,2,3,8,1,2,2,5,6
smithja02,Jason Smith,CENTER,32,NEW ORLEANS PELICANS,2,0,20,2,9,2,7,2,2,2,2,1,0,0,1,3
smithzh01,Zhaire Smith,SHOOTING GUARD,19,PHILADELPHIA 76ERS,2,0,15,1,2,1,1,0,0,0,1,1,1,1,0,1
snellto01,Tony Snell,SMALL FORWARD,27,MILWAUKEE BUCKS,74,12,1304,163,361,81,204,37,42,29,128,68,26,18,23,90
spaldra01,Ray Spalding,POWER FORWARD,21,DALLAS MAVERICKS,1,0,1,0,0,0,0,0,0,0,0,0,0,0,0,0
spaldra01,Ray Spalding,POWER FORWARD,21,PHOENIX SUNS,10,0,75,10,20,0,1,2,7,7,17,3,2,3,6,13
spellom01,Omari Spellman,POWER FORWARD,21,ATLANTA HAWKS,46,11,805,98,244,44,128,32,45,72,122,47,26,25,31,67
stausni01,Nik Stauskas,SHOOTING GUARD,25,PORTLAND TRAIL BLAZERS,44,0,673,96,229,43,125,32,36,10,70,62,14,4,40,31
stausni01,Nik Stauskas,SHOOTING GUARD,25,CLEVELAND CAVALIERS,21,0,304,37,99,25,59,22,24,8,35,18,6,3,9,18
stephdj01,D.J. Stephens,SHOOTING GUARD,28,MEMPHIS GRIZZLIES,1,0,7,1,2,0,0,0,0,0,0,0,1,0,1,0
stephla01,Lance Stephenson,SHOOTING GUARD,28,LOS ANGELES LAKERS,67,3,1103,182,423,72,190,50,73,32,180,137,40,6,83,110
sumneed01,Edmond Sumner,POINT GUARD,23,INDIANA PACERS,20,2,174,16,49,4,20,5,12,7,13,9,9,5,8,21
swanica01,Caleb Swanigan,POWER FORWARD,21,PORTLAND TRAIL BLAZERS,18,0,145,14,44,1,5,6,7,13,39,7,4,0,16,22
swanica01,Caleb Swanigan,FORWARD,21,SACRAMENTO KINGS,1,0,5,0,1,0,0,0,0,1,1,0,0,0,1,1
tatumja01,Jayson Tatum,SMALL FORWARD,20,BOSTON CELTICS,77,77,2415,457,1015,115,306,192,224,69,400,166,81,56,121,166
teaguje01,Jeff Teague,POINT GUARD,30,MINNESOTA TIMBERWOLVES,42,41,1264,176,416,35,105,123,153,16,90,343,43,18,97,90
templga01,Garrett Temple,SHOOTING GUARD,32,MEMPHIS GRIZZLIES,49,49,1530,166,387,74,210,57,76,18,134,69,50,25,54,134
templga01,Garrett Temple,SHOOTING GUARD,32,LOS ANGELES CLIPPERS,23,5,444,35,90,12,44,16,23,8,46,34,21,5,15,61
teodomi01,Milos Teodosic,POINT GUARD,31,LOS ANGELES CLIPPERS,15,0,150,17,40,10,27,4,7,3,13,32,3,1,21,27
terreja01,Jared Terrell,SHOOTING GUARD,23,MINNESOTA TIMBERWOLVES,11,0,76,8,27,4,12,1,2,1,3,7,3,1,8,9
terryem01,Emanuel Terry,POWER FORWARD,22,PHOENIX SUNS,2,0,20,4,6,0,0,1,2,2,4,1,3,0,2,4
terryem01,Emanuel Terry,POWER FORWARD,22,MIAMI HEAT,1,0,3,0,1,0,0,1,2,1,0,1,0,0,0,0
theisda01,Daniel Theis,CENTER,26,BOSTON CELTICS,63,2,864,142,256,26,63,56,76,84,132,66,20,40,33,154
thomais02,Isaiah Thomas,SHOOTING GUARD,29,DENVER NUGGETS,11,0,157,30,85,11,38,16,23,5,8,20,3,1,17,14
thomakh01,Khyri Thomas,SHOOTING GUARD,22,DETROIT PISTONS,24,0,189,22,65,10,35,7,11,4,16,8,7,5,4,21
thomala01,Lance Thomas,POWER FORWARD,30,NEW YORK KNICKS,45,16,764,74,187,21,76,26,34,21,92,27,17,7,24,83
thompkl01,Klay Thompson,SHOOTING GUARD,28,GOLDEN STATE WARRIORS,74,74,2538,634,1353,232,575,127,156,37,252,177,82,44,113,154
thomptr01,Tristan Thompson,CENTER,27,CLEVELAND CAVALIERS,42,39,1176,197,372,0,0,64,100,172,260,85,28,16,58,89
thornsi01,Sindarius Thornwell,SHOOTING GUARD,24,LOS ANGELES CLIPPERS,61,1,287,16,48,3,15,21,30,5,38,17,14,5,19,38
tollian01,Anthony Tolliver,POWER FORWARD,33,MINNESOTA TIMBERWOLVES,61,0,1004,92,239,76,201,45,56,14,150,40,14,18,34,86
townska01,Karl-Anthony Towns,CENTER,23,MINNESOTA TIMBERWOLVES,75,75,2483,665,1286,141,352,361,434,259,676,253,64,124,224,284
trentga02,Gary Trent,SHOOTING GUARD,20,PORTLAND TRAIL BLAZERS,14,0,63,8,31,4,16,1,4,1,8,2,0,1,3,3
trieral01,Allonzo Trier,SHOOTING GUARD,23,NEW YORK KNICKS,64,3,1459,232,518,52,132,179,223,31,166,119,28,14,116,117
tuckepj01,P.J. Tucker,POWER FORWARD,33,HOUSTON ROCKETS,79,79,2726,198,499,139,368,39,57,116,352,93,128,36,62,242
turneev01,Evan Turner,POINT GUARD,30,PORTLAND TRAIL BLAZERS,70,2,1547,196,425,9,49,64,91,35,283,271,31,16,109,106
turnemy01,Myles Turner,CENTER,22,INDIANA PACERS,72,72,2074,373,767,72,191,145,197,100,420,114,59,195,100,193
udohek01,Ekpe Udoh,CENTER,31,UTAH JAZZ,47,0,262,41,60,0,0,13,19,21,46,21,7,26,11,30
ulisty01,Tyler Ulis,POINT GUARD,23,CHICAGO BULLS,1,0,1,0,0,0,0,0,0,0,0,0,0,0,0,0
valanjo01,Jonas Valanciunas,CENTER,26,TORONTO RAPTORS,30,10,564,149,259,9,30,77,94,54,162,29,13,23,39,82
valanjo01,Jonas Valanciunas,CENTER,26,MEMPHIS GRIZZLIES,19,17,527,152,279,5,18,70,91,52,151,41,6,30,51,64
vandeja01,Jarred Vanderbilt,POWER FORWARD,19,DENVER NUGGETS,15,0,54,8,17,0,1,4,8,6,16,3,4,1,4,5
vanvlfr01,Fred VanVleet,POINT GUARD,24,TORONTO RAPTORS,61,27,1680,235,572,108,283,92,109,21,140,293,53,18,77,108
vonleno01,Noah Vonleh,POWER FORWARD,23,NEW YORK KNICKS,68,57,1722,207,440,46,137,111,156,113,415,129,46,51,88,174
vucevni01,Nikola Vucevic,CENTER,28,ORLANDO MAGIC,78,78,2447,680,1319,81,223,174,221,215,722,299,79,87,154,151
wadedw01,Dwyane Wade,SHOOTING GUARD,37,MIAMI HEAT,68,0,1753,381,878,74,227,147,214,66,199,280,58,36,156,111
wagnemo01,Moritz Wagner,CENTER,21,LOS ANGELES LAKERS,39,3,381,61,145,22,70,32,41,15,59,22,10,11,33,49
waitedi01,Dion Waiters,SHOOTING GUARD,27,MIAMI HEAT,40,26,1046,181,435,96,260,22,42,7,102,116,29,8,62,65
walkeke02,Kemba Walker,POINT GUARD,28,CHARLOTTE HORNETS,78,78,2718,684,1594,245,693,363,431,51,291,457,101,32,206,125
walkelo01,Lonnie Walker,SHOOTING GUARD,20,SAN ANTONIO SPURS,14,0,97,13,40,5,11,7,8,0,14,5,6,2,4,7
walljo01,John Wall,POINT GUARD,28,WASHINGTON WIZARDS,32,32,1104,245,552,51,169,122,175,15,101,279,49,29,121,71
wallaty01,Tyrone Wallace,POINT GUARD,24,LOS ANGELES CLIPPERS,59,0,597,85,206,4,19,30,55,20,77,40,21,7,33,79
princta02,Taurean Waller-Prince,SMALL FORWARD,24,ATLANTA HAWKS,52,44,1466,245,550,115,296,89,106,21,169,113,52,18,98,133
wanambr01,Brad Wanamaker,POINT GUARD,29,BOSTON CELTICS,33,0,291,39,84,16,33,18,20,3,30,45,11,2,17,30
warretj01,T.J. Warren,SMALL FORWARD,25,PHOENIX SUNS,43,36,1360,297,611,77,180,101,124,31,143,64,51,29,52,119
washbju01,Julian Washburn,SMALL FORWARD,27,MEMPHIS GRIZZLIES,14,3,191,9,36,3,18,3,4,7,23,12,9,2,5,11
watanyu01,Yuta Watanabe,SMALL FORWARD,24,MEMPHIS GRIZZLIES,13,0,149,12,42,2,13,7,10,2,23,7,3,1,5,8
welshth01,Thomas Welsh,CENTER,22,DENVER NUGGETS,11,0,36,7,13,3,7,1,2,0,4,5,0,0,1,3
westbru01,Russell Westbrook,POINT GUARD,30,OKLAHOMA CITY THUNDER,69,69,2483,596,1400,111,388,282,429,105,661,727,139,32,310,233
whitede01,Derrick White,POINT GUARD,24,SAN ANTONIO SPURS,64,52,1648,247,518,46,137,91,119,34,197,249,66,44,94,139
whiteok01,Okaro White,POWER FORWARD,26,WASHINGTON WIZARDS,3,0,6,0,2,0,2,0,0,1,1,0,0,0,0,0
whiteha01,Hassan Whiteside,CENTER,29,MIAMI HEAT,69,53,1623,370,658,2,16,108,241,252,540,56,44,129,94,186
wiggian01,Andrew Wiggins,SMALL FORWARD,23,MINNESOTA TIMBERWOLVES,69,69,2408,464,1145,108,326,202,287,80,257,172,68,46,130,146
willial03,Alan Williams,POWER FORWARD,26,BROOKLYN NETS,4,0,22,6,10,0,1,2,4,4,13,3,1,0,1,2
willicj01,C.J. Williams,SHOOTING GUARD,28,MINNESOTA TIMBERWOLVES,13,0,92,12,27,2,12,0,0,1,4,11,3,0,4,13
willijo04,Johnathan Williams,CENTER,23,LOS ANGELES LAKERS,20,0,272,44,75,0,1,14,30,31,32,7,4,5,11,51
willike04,Kenrich Williams,SMALL FORWARD,24,NEW ORLEANS PELICANS,43,26,978,96,254,47,142,11,17,50,153,68,40,15,33,88
willilo02,Lou Williams,SHOOTING GUARD,32,LOS ANGELES CLIPPERS,72,0,1908,471,1097,100,282,410,469,38,170,384,54,9,171,74
willima02,Marvin Williams,POWER FORWARD,32,CHARLOTTE HORNETS,75,75,2133,275,652,140,382,66,86,76,331,92,71,61,47,156
williro04,Robert Williams,CENTER,21,BOSTON CELTICS,30,1,250,33,46,0,0,9,14,24,45,6,8,37,9,30
willitr02,Troy Williams,SMALL FORWARD,24,SACRAMENTO KINGS,18,0,286,40,87,14,41,9,15,9,46,10,10,8,8,34
wilsodj01,D.J. Wilson,POWER FORWARD,22,MILWAUKEE BUCKS,44,1,775,88,215,40,110,20,38,37,148,44,16,19,27,77
winslju01,Justise Winslow,SMALL FORWARD,22,MIAMI HEAT,62,48,1837,303,698,89,235,83,132,60,273,266,65,17,132,161
woodch01,Christian Wood,POWER FORWARD,23,MILWAUKEE BUCKS,13,0,62,12,25,3,5,10,15,4,16,2,0,0,3,3
woodch01,Christian Wood,POWER FORWARD,23,NEW ORLEANS PELICANS,5,0,115,29,50,2,9,18,26,6,33,6,7,8,10,9
wrighde01,Delon Wright,POINT GUARD,26,TORONTO RAPTORS,49,2,897,127,293,30,90,53,61,39,86,110,46,15,37,53
wrighde01,Delon Wright,POINT GUARD,26,MEMPHIS GRIZZLIES,22,7,646,90,212,14,60,48,68,24,74,99,36,14,33,42
yabusgu01,Guerschon Yabusele,POWER FORWARD,23,BOSTON CELTICS,39,0,221,29,65,6,23,15,20,21,25,14,8,7,13,31
youngni01,Nick Young,SHOOTING GUARD,33,DENVER NUGGETS,4,0,37,3,9,3,8,0,0,0,1,2,0,1,2,4
youngth01,Thaddeus Young,POWER FORWARD,30,INDIANA PACERS,79,79,2434,430,821,51,144,87,132,189,327,197,122,36,118,190
youngtr01,Trae Young,POINT GUARD,20,ATLANTA HAWKS,79,79,2442,511,1221,154,471,328,396,60,229,636,67,15,300,138
zelleco01,Cody Zeller,CENTER,26,CHARLOTTE HORNETS,49,47,1243,190,345,6,22,111,141,110,223,102,38,41,62,164
zellety01,Tyler Zeller,CENTER,29,ATLANTA HAWKS,2,0,11,0,2,0,1,0,0,2,4,1,0,0,0,4
zizican01,Ante Zizic,CENTER,22,CLEVELAND CAVALIERS,55,23,996,164,302,0,0,85,121,97,197,46,13,21,53,109
zubaciv01,Ivica Zubac,CENTER,21,LOS ANGELES LAKERS,33,12,516,112,193,0,0,57,66,54,108,25,4,27,33,73
zubaciv01,Ivica Zubac,CENTER,21,LOS ANGELES CLIPPERS,23,23,454,83,157,0,0,38,53,53,120,35,10,20,33,62
